irradiation,price
0,8.7
0,8.05
0,8.47
0,8.47
0,8.86
0,11.32
4,23.48
168,27.65
394,27.21
574,27.02
693,28.4
743,27.56
722,26.29
629,25.66
473,25.3
263,24.3
42,31.74
0,40.33
0,37.61
0,35.64
0,32.68
0,28.14
0,25.35
0,20.13
0,13.82
0,14.34
0,12.82
0,14.79
0,16.09
0,23.72
4,36.14
168,40.38
394,39.69
574,38.03
694,35.68
745,33.75
724,32.36
632,32.31
476,31.84
266,31.84
44,41.13
0,52.69
0,48.05
0,42.24
0,38.66
0,33.73
0,27.19
0,24.38
0,20.65
0,15.99
0,15.27
0,14.57
0,14.33
0,20.88
4,37.67
167,40.93
394,39.37
575,35.11
695,35.36
747,32.88
726,31.1
635,30.55
479,31.31
270,31.88
46,44.88
0,53.6
0,47.56
0,47.28
0,42.36
0,34.92
0,30.22
0,23.35
0,47.66
0,42.19
0,47.71
0,43.6
0,48.65
0,86.7
4,138.87
167,146.52
395,153.9
576,151.52
697,144.13
749,119.49
729,107.14
638,82
482,82.09
273,112.98
49,131.22
0,181.26
0,177.55
0,155.97
0,143.34
0,131.31
0,77.27
0,49.06
0,51.83
0,56.11
0,43.67
0,43.28
0,46.07
0,62.15
4,76.18
167,56.84
395,61.85
577,67.28
698,61.97
751,43.81
732,42.36
641,31.16
486,31.13
277,44.82
51,97.85
0,180.95
0,187.41
0,122.96
0,102.07
0,75.26
0,56.73
0,58.28
0,106.36
0,89.77
0,87.32
0,61.66
0,92.39
0,141.41
4,184.81
167,202.19
396,204.13
578,154.77
700,107.03
754,68.93
735,60.03
645,51.04
490,48.2
281,55.96
53,84.9
0,155.28
0,127.26
0,103.2
0,103.31
0,74.51
0,48.55
0,62.35
0,135.02
0,122.1
0,112.37
0,112.44
0,137.11
0,146.28
4,147.43
168,142.29
397,142.92
579,156.56
702,126.46
756,100.24
738,91.01
648,81.7
493,81.17
285,81.34
56,98.82
0,164.78
0,157.71
0,129.49
0,97.86
0,70.93
0,65.19
0,66.96
0,17.8
0,17.63
0,16.9
0,16.7
0,16.65
0,17.78
4,20.39
168,20.22
398,24.82
581,26.19
704,30.09
759,33.63
741,34.84
651,28.63
497,28.34
289,30.75
58,33.93
0,49.8
0,52.93
0,45.92
0,40.46
0,38.22
0,37.45
0,29.86
0,30.36
0,29.16
0,28.07
0,28.09
0,30.34
0,32.74
4,44.22
169,47.57
399,38.87
583,38.33
706,39.28
761,25.21
744,25.21
655,31.55
501,33.06
293,33.37
61,37.8
0,44.77
0,47.28
0,42.35
0,36.13
0,33.99
0,40.55
0,39.42
0,22.44
0,20.73
0,19.76
0,18.51
0,18.06
0,19.36
4,21.41
169,17.59
400,20.3
584,24.44
709,25.21
764,26.11
747,23.72
659,23.43
505,23.34
297,23.34
64,24.29
0,29.1
0,30.5
0,27.08
0,24.92
0,22.87
0,18.22
0,17.68
0,12.61
0,12.62
0,12.68
0,12.86
0,12.68
0,17
4,20.77
170,21.81
401,21.19
586,19.76
711,17.97
767,18.18
751,19.15
663,19.22
509,19.22
301,19.44
67,19.98
0,24.78
0,25.25
0,19.81
0,23.11
0,16.24
0,18.4
0,16.44
0,16.33
0,12.68
0,12.72
0,12.71
0,12.71
0,14.73
4,16.06
171,16.31
403,17.64
588,21.02
714,22.19
771,22.48
754,21.41
667,19.94
513,19.33
305,19.07
70,21.75
0,24.04
0,26.94
0,23.33
0,20.74
0,18.82
0,15.2
0,15.48
0,12.51
0,11.38
0,11.46
0,11.46
0,11.39
0,12.54
5,14.96
172,13.89
404,20.59
591,21.31
717,21.28
774,18.76
758,17.72
671,15.6
518,15.49
310,15.45
73,15.68
0,19.28
0,26.67
0,24.15
0,21.29
0,17.9
0,15.48
0,13.96
0,13.93
0,17.84
0,16.02
0,16.82
0,18.03
0,21.74
5,30.9
174,13.38
406,8.62
593,8.62
720,8.62
777,8.62
762,8.62
675,8.62
522,3.68
314,5.71
76,7.59
0,13.45
0,13.37
0,8.03
0,7.98
0,3.75
0,3.65
0,7.59
0,7.82
0,17.13
0,16.64
0,16.28
0,16.32
0,20.64
5,21.23
175,17.13
408,13.68
595,13.7
723,11.06
781,8.62
766,8.62
679,10.88
527,7.59
319,12.82
79,13.97
0,14.2
0,18.66
0,28.6
0,24.87
0,20.11
0,14.06
0,12.86
0,23.38
0,22.76
0,22.69
0,21.93
0,22.44
0,26.5
5,36.44
177,43.16
410,41.27
598,37.43
726,36.61
784,37.35
770,33.83
684,30.86
531,29.4
323,26.72
83,30.08
0,32.33
0,34.79
0,39.55
0,37.06
0,29.59
0,26.53
0,23.51
0,19.94
0,17.13
0,17.01
0,16.88
0,16.98
0,19.7
6,20.98
178,22.1
413,25.47
601,25.91
729,25.12
788,23.78
774,21.25
688,20.02
536,18.13
328,17.7
87,18.2
0,19.89
0,24.63
0,33.26
0,31.08
0,27.12
0,22.46
0,19.17
0,26.15
0,25.91
0,24.74
0,24.54
0,25.25
0,27.91
6,27.69
180,29.7
415,32.47
604,35.86
733,31.72
792,28.24
779,22.06
693,20.08
540,20.06
333,19.24
90,22.42
0,23.95
0,28.57
0,35.21
0,40.01
0,32.71
0,27.92
0,27.59
0,27.41
0,26.59
0,25.85
0,26.27
0,26.88
0,30.37
6,38.2
182,42.95
418,43.08
607,31.02
736,28.94
796,27.84
783,26.22
697,25.12
545,23.59
337,25.12
94,25.36
0,27.49
0,30.51
0,42.92
0,42.5
0,35.72
0,27.68
0,26.38
0,19.68
0,19.17
0,17.3
0,17.13
0,19.21
0,22.7
7,33.4
184,35.06
420,31.71
610,33.05
740,32.44
800,31.42
787,29.63
702,29.52
550,28.91
342,28
98,30.01
0,31.46
0,31.9
0,33.84
0,34.66
0,29.56
0,23.94
0,24.47
0,21.11
0,18.31
0,16.58
0,16.19
0,16.02
0,17.19
7,19.08
187,20.21
423,20.72
613,23.49
744,23.88
804,23.85
792,22.14
707,21.88
555,20.24
347,21.17
102,21.39
0,23.72
0,25.95
0,28.92
0,31.45
0,26.24
0,21.34
0,20.07
0,3.74
0,3.72
0,5.82
0,7.37
0,6.95
0,6.63
8,9.01
189,3.72
426,3.72
617,3.74
748,3.74
809,3.74
797,3.72
712,3.29
560,3.34
352,3.36
106,3.41
0,3.72
0,3.72
0,3.35
0,3.44
0,3.23
0,3.16
0,3.62
0,13.9
0,12.99
0,13.12
0,13.13
0,13.23
0,13.25
8,14.3
192,15.34
429,15.33
620,15.43
752,16.05
813,15.46
801,15.35
717,15.56
565,15.66
357,15.95
110,15.88
0,15.83
0,15.42
0,15.42
0,15.49
0,15.85
0,15.43
0,14.17
0,10.53
0,11.26
0,11.16
0,11.09
0,11.19
0,11.39
9,14.36
194,14.8
432,14.98
624,15.12
756,15.27
818,15.3
806,15.28
722,15.23
570,15.22
362,15.42
115,15.42
0,15.74
0,15.28
0,15.33
0,15.33
0,15.03
0,14.49
0,13.17
0,10.25
0,9.66
0,6.87
0,7.04
0,8.7
0,9.38
9,9.83
197,12.39
436,16.63
628,19.89
760,20.89
822,20.97
811,20.64
727,19.24
575,16.37
367,16.38
119,21.35
0,21.59
0,21.97
0,22.65
0,23.09
0,25.98
0,19.2
0,13.4
0,13.15
0,13.15
0,12.11
0,12.15
0,12.11
0,12.64
10,7.92
200,4.16
439,4.21
632,7.92
764,7.92
827,7.92
816,7.92
732,7.92
580,7.92
372,7.92
124,7.92
0,7.92
0,7.92
0,7.92
0,7.92
0,7.92
0,7.92
0,7.92
0,11.74
0,9.35
0,9.34
0,9.34
0,9.28
0,7.23
11,10.02
204,6.38
443,6.42
636,11.15
769,12.11
832,12.11
821,12.11
737,8.52
585,11.15
377,8.78
129,7.86
0,12.11
0,12.11
0,11.07
0,12.11
0,14.05
0,13.05
0,12.57
0,1.35
0,1.6
0,1.6
0,1.77
0,0
0,1.35
12,1.28
207,1.06
447,1.06
640,1.07
773,0.91
837,0.92
826,0.92
742,0.97
591,0.97
382,0.98
133,0.98
0,0.99
0,0.92
0,1.3
0,1.31
0,1.08
0,1.29
0,1.31
0,1.09
0,1.4
0,1.75
0,1.61
0,1.27
0,1.11
13,1.45
210,2.63
451,2.9
645,3.45
778,4.02
842,4.23
831,4.21
747,4.35
596,4.26
387,4.55
138,10.22
0,5.55
0,4.46
0,4.35
0,4.85
0,2.73
0,1.81
0,0.84
0,1
0,21.95
0,19.7
0,17.48
0,17.12
0,17.86
13,16.76
214,17.14
455,23.26
649,26.02
783,28.26
847,33.41
837,36.99
753,40.04
601,42.74
392,48.13
143,53.41
0,56.33
0,46.57
0,42.14
0,33.56
0,26.68
0,18.24
0,26.68
0,17.8
0,15.42
0,13.9
0,13.9
0,13.91
0,14.15
15,19.34
217,21.95
459,26.64
654,27.97
788,29.42
852,30.51
842,31.07
758,33.81
607,31.87
398,33.76
148,37.53
1,36.49
0,32.87
0,29.34
0,28.81
0,26.93
0,21.83
0,20.47
0,22
0,23.72
0,26.18
0,25.95
0,23.3
0,22.99
16,28.27
221,32.13
463,36.12
658,38.18
793,36.28
857,40.62
847,42.93
764,49.95
612,48.09
403,53.07
153,55.51
1,51.84
0,45.29
0,34.22
0,38.65
0,38.79
0,25.55
0,34.14
0,27.02
0,25.37
0,22.83
0,21.97
0,22.33
0,22.64
17,24.77
225,26.86
467,30.61
663,33.87
798,37.96
862,40.83
853,37.89
769,48.67
617,53.55
408,42.83
157,41.85
1,42.83
0,43.11
0,40.51
0,27.9
0,30.94
0,28.99
0,29.15
0,21.7
0,19.38
0,16.8
0,16.72
0,16.3
0,17.33
18,21.19
229,22.99
472,25.82
668,27.59
803,28.17
868,30.43
858,33.9
775,37.3
623,39.85
413,40.08
162,42.55
2,42.05
0,36.22
0,33.68
0,32.47
0,29.82
0,26.82
0,23.85
0,27.31
0,24.04
0,22.09
0,21.9
0,21.88
0,23.58
20,27.65
234,29.88
476,31.96
673,34.13
808,36.97
873,41.54
864,43.83
780,47.8
628,51.97
419,41.27
167,47.74
2,54.13
0,44.19
0,43.91
0,42.3
0,37.9
0,32.35
0,30.75
0,27.3
0,25.05
0,23.59
0,23.19
0,23.39
0,23.57
21,25.3
238,29.14
481,32.38
678,37.99
813,42.79
879,45.83
869,45.69
786,47.8
634,52.13
424,52.94
172,61.54
3,69.18
0,58.61
0,51.13
0,47
0,41.29
0,37.34
0,33.18
0,30.98
0,28.58
0,26.66
0,26.21
0,25.85
0,27.2
23,29.74
242,31.29
486,33.83
683,38.25
819,41.75
884,46.2
875,50.9
791,55.27
639,46.46
429,47.04
177,45.17
4,40.62
0,45.18
0,43.42
0,41.96
0,38.58
0,33.54
0,29.39
0,25.35
0,23.47
0,22.29
0,21.54
0,21.65
0,22.93
25,25.4
247,26.92
491,27.79
688,31.24
824,35.06
890,38.8
880,41.84
797,45.53
645,49.12
434,48.15
182,53.2
5,50.83
0,47.08
0,44.21
0,41.77
0,38.7
0,32.44
0,28.06
0,26.34
0,24.15
0,21.94
0,21.27
0,21.38
0,22.2
26,26.39
251,28.04
496,28.51
693,32.66
830,37.54
895,42.19
886,45.43
802,50.57
650,53.63
440,58.38
187,62.85
5,59.45
0,49.62
0,45.29
0,42.89
0,40.32
0,35.86
0,31.21
0,23.79
0,23.55
0,25.85
0,24.39
0,24.78
0,28.46
28,32.22
256,24.43
501,31.03
699,40.8
835,40.41
901,37.27
892,40.62
808,45.94
656,38.2
445,38.52
192,39.14
6,38.4
0,42.01
0,40.69
0,44.57
0,45.12
0,38.32
0,36.35
0,22.81
0,21.7
0,21.06
0,20.53
0,20.56
0,20.75
30,20.48
261,21.44
506,23.13
704,24.98
841,27.88
907,29.92
898,31.79
814,32.46
661,34.12
450,35.51
197,36.88
7,38.1
0,35.8
0,35.43
0,34.69
0,27.43
0,23.27
0,22.38
0,25.19
0,22.56
0,23.27
0,22.36
0,22.01
0,21.81
33,22.23
266,22.34
511,26.93
710,30.47
846,34.63
913,36.21
903,40.1
819,41.83
667,44.42
456,46.9
202,49.86
8,50.71
0,47.4
0,45.09
0,42.56
0,38.41
0,33.34
0,30.95
0,10.92
0,10.41
0,10.26
0,10.23
0,10.23
0,10.37
35,10.53
271,10.8
517,17.41
715,21.14
852,19.18
918,21.32
909,18.05
825,21.61
672,21.57
461,21.59
207,21.62
10,21.59
0,20.6
0,20.68
0,20.51
0,12.87
0,10.98
0,10.77
0,26.14
0,23.5
0,22.63
0,21.95
0,22.17
0,22.28
37,28.35
276,21.42
522,22.86
721,22.3
858,32.01
924,29.82
915,31.79
831,33.85
678,33.24
466,32.03
211,33.78
11,32.29
0,30.19
0,31.91
0,25.11
0,24.52
0,21.61
0,21.57
0,20.16
0,20.05
0,19.93
0,19.92
0,19.94
0,20.09
40,20.8
282,20.79
528,20.68
727,21.86
864,21.63
930,22.03
921,22.11
836,22.36
683,22.29
471,22.4
216,22.21
12,22.37
0,22.33
0,22.31
0,21.71
0,20.57
0,20.16
0,19.94
0,20.38
0,20.36
0,17.1
0,17.23
0,18.21
0,20.36
43,23.53
287,23.07
533,27.63
732,27.91
870,28.16
936,28.28
926,29.08
842,22.21
688,22.34
476,22.24
221,21.99
14,21.91
0,21.76
0,21.71
0,21.66
0,20.48
0,20.13
0,19.81
0,8.61
0,8.63
0,8.51
0,8.42
0,7.45
0,7.9
46,8.56
293,8.39
539,8.68
738,8.63
875,8.61
942,8.64
932,8.91
848,8.52
694,8.54
482,8.24
226,8.51
15,18.42
0,23.7
0,24.06
0,23.4
0,23.13
0,22.47
0,22.13
0,22.66
0,13.27
0,13.01
0,13.2
0,13.09
0,13.67
49,24.19
298,27.54
545,26.91
744,37.03
881,29.07
948,30.7
938,26.17
853,26.01
699,25.89
487,25.84
231,23.17
16,23.98
0,27.67
0,27.72
0,27.05
0,23.34
0,16.57
0,10.67
0,28.5
0,27.65
0,25.9
0,24.74
0,25.46
0,28.14
52,39.78
304,30.44
551,43.33
750,38.28
887,38.4
953,34.66
944,33.7
859,32.7
705,30.85
492,31.49
236,33.93
18,42.06
0,47.71
0,44.32
0,40.98
0,32.44
0,28.69
0,25.99
0,20.04
0,18.87
0,18.15
0,17.64
0,18.12
0,18.31
55,22.39
309,22.03
557,22.45
756,24.05
893,25.62
959,24.38
950,24.3
864,24.39
710,24.73
497,27.77
241,34.83
20,49.67
0,44.53
0,41.09
0,33.67
0,27.07
0,21.5
0,20.02
0,25.53
0,21.81
0,20.98
0,20.72
0,20.31
0,23.89
59,32.75
315,38.72
563,39.87
762,38.41
899,38.26
965,32.87
955,24.82
870,24.4
715,23.52
502,23.4
245,25.35
21,33.32
0,40.33
0,36.32
0,35.14
0,24.03
0,22.25
0,19.96
0,8.86
0,8.1
0,7.64
0,7.58
0,7.64
0,12.08
62,24.73
321,31.94
569,30.72
768,30.81
905,29.37
971,28.1
961,27.37
876,26.95
721,26.35
507,27.25
250,32.88
23,39.53
0,37.01
0,34.2
0,30.16
0,27.86
0,24.59
0,16.42
0,16.45
0,15.33
0,15.28
0,15.18
0,14.99
0,19.47
66,34.16
327,37.36
575,37.44
774,34.79
911,34.69
977,34.15
967,33.22
881,29.26
726,32.25
512,31.96
255,42.4
25,49.17
0,45.23
0,38.81
0,34.8
0,26.94
0,24.69
0,16.68
0,16.68
0,15.04
0,14.24
0,13.99
0,15.52
0,19.16
70,35.67
333,36.4
581,35.89
780,33.31
917,30.19
983,30.12
973,28.07
887,28.78
731,28.24
517,27.31
260,37.78
27,49.58
0,47.96
0,41.55
0,37.54
0,31.02
0,24.51
0,24.37
0,33.07
0,28.78
0,26.7
0,25.35
0,28.8
0,36.26
74,50.66
339,41.35
587,47.29
786,45.51
924,36.77
989,35.81
978,29.65
892,25.83
737,25.12
522,25.22
264,55.59
29,81.58
0,85.97
0,65.41
0,64.49
0,30.04
0,30.88
0,25.13
0,94.22
0,89.71
0,86.32
0,86.88
0,92.49
0,121.19
79,150.05
345,168.78
593,176.28
793,172.3
930,174.01
995,139.8
984,123.13
898,114.93
742,106.09
527,118.3
269,137.86
31,185.82
0,174.92
0,153.63
0,137.04
0,126.06
0,72.87
0,74.22
0,57.19
0,59.27
0,49.23
0,44.1
0,48.07
0,70.97
83,91.84
351,76.88
599,104.69
799,86.95
936,82.82
1001,64.03
990,61.98
903,52.39
747,49.28
532,40.55
274,69.78
33,101.82
0,104.32
0,83.82
0,66.12
0,54.03
0,43.51
0,40.25
0,41.73
0,37.06
0,35.66
0,40.51
0,42.71
0,51.66
88,60.69
358,62.56
606,51.07
805,54.34
942,49.58
1007,49.1
995,42.84
908,40.94
752,38.76
537,39.05
278,50.03
35,70.44
0,73.36
0,65.44
0,57.99
0,53.17
0,37.94
0,39.47
0,24
0,20.73
0,18.8
0,18.15
0,19.28
0,24.88
93,25.8
364,21.54
612,24.82
811,24.35
948,28.26
1013,26.54
1001,23.31
914,22.2
757,21.28
542,21.39
283,25.84
37,38.32
0,38.12
0,29.42
0,26.92
0,25.91
0,22.63
0,25.47
0,32.19
0,29.8
0,28.11
0,26.97
0,28.7
0,34.06
98,44.7
370,46.35
618,43.01
817,41.81
954,37.31
1018,36.06
1007,30.67
919,29.4
762,28.34
546,30.11
287,35.45
39,61.58
0,53.79
0,44.7
0,40.68
0,36.3
0,29.83
0,31.43
0,33.14
0,31.4
0,31.04
0,30.36
0,31.64
0,35.28
103,47
377,51.14
625,49.34
824,49.18
960,48.99
1024,46.12
1012,42.72
924,41.46
767,40.23
551,40.59
292,48.22
42,65.74
0,62.63
0,58.1
0,51.58
0,48.27
0,38.81
0,34.39
0,26.58
0,22.27
0,26.77
0,26.84
0,31.51
0,38.49
109,44.14
383,46.75
631,46.29
830,42.94
966,42.09
1030,38.93
1018,35.37
930,34.26
772,33.4
556,33.8
296,38.28
44,48.2
0,50.75
0,45.44
0,38.49
0,21.09
0,14.78
0,25.71
0,15.84
0,12.38
0,12.72
0,12.72
0,12.65
0,16.8
114,20.19
390,12.63
637,18.32
836,22.79
972,25.61
1036,27.12
1023,25.21
935,25.21
777,25.41
561,26.85
301,26.14
46,33.66
0,34.55
0,25.97
0,25.3
0,24.89
0,25.31
0,25.06
0,12.66
0,10.26
0,10.27
0,10.36
0,10.8
0,10.81
120,16.18
396,16.34
644,16.19
842,16.27
978,16.24
1041,16.89
1028,16.22
940,15.31
782,16.24
565,14.89
305,14.27
49,12.63
0,13.63
0,12.98
0,10.56
0,11.09
0,12.08
0,12.33
0,19.8
0,18.67
0,17.48
0,17.12
0,17.46
0,19.66
126,26.24
403,27.08
650,27.63
848,27.46
984,27.07
1047,25.52
1034,24
945,23.84
787,23.1
570,22.54
309,23.95
51,26.56
0,28.32
0,25.45
0,21.5
0,20.94
0,18.42
0,15.66
0,12.7
0,10.03
0,10.6
0,10.6
0,11.55
0,15.32
132,23.11
409,25.59
656,26.4
855,24.15
990,20.55
1053,18.53
1039,18.53
950,17.89
791,18.32
574,17.53
314,15
54,14.67
0,15.25
0,14.88
0,14.97
0,14.56
0,8.94
0,13.86
0,19.65
0,17.09
0,17.22
0,17.38
0,16.99
0,20.77
138,31.48
416,33.15
663,31.88
861,31.55
996,29.5
1058,28.56
1045,26.03
955,26.53
796,22.88
579,17.62
318,23.89
56,27.55
0,28.44
0,34.69
0,31.3
0,25.32
0,7.59
0,13.93
0,17.03
0,15.44
0,15.44
0,16.77
0,17.03
0,20.28
145,31.16
422,34.87
669,34.51
867,34.32
1002,30.89
1064,29.62
1050,26.87
960,26.91
801,23.38
583,20.92
322,22.26
59,26.47
0,28.87
0,36.1
0,33.28
0,26.98
0,21.31
0,19.11
0,16.38
0,15.78
0,15.23
0,15.32
0,16.42
0,16.31
151,27.68
429,33.53
676,31.16
873,29.91
1007,27.67
1069,25.61
1055,23.08
965,21.98
805,20.15
588,19.19
327,20.34
62,20.75
0,24.53
0,33.4
0,28.5
0,22.95
0,17.99
0,14.75
0,21.28
0,17.94
0,17.36
0,17.51
0,18.09
1,21.91
158,28.52
435,29.96
682,32.08
879,33.22
1013,32.06
1075,31.98
1060,30.68
970,30.72
810,29.13
592,29.43
331,30.28
64,29.94
0,32.79
0,33.65
0,34.35
0,28.81
0,24.12
0,24.24
0,14.03
0,13.35
0,13.3
0,13.34
0,13.37
1,13.4
164,14.28
442,15.27
688,15.46
885,15.27
1019,15.4
1080,15.41
1065,15.27
974,15.3
814,15.27
596,15.17
335,15.27
67,15.42
0,15.27
0,15.37
0,15.52
0,14.74
0,9.67
0,11.03
0,12.9
0,9.21
0,9.03
0,9.06
0,9.15
2,9.19
171,9.23
448,13.24
695,14.22
891,13.98
1025,14.15
1086,14.14
1070,11.11
979,11.08
819,11.08
601,11.08
339,11.08
70,14.11
0,14.21
0,14.22
0,17.82
0,1.2
0,1.45
0,16.07
0,7.07
0,7.55
0,8.85
0,8.86
0,8.93
3,8.78
178,10.02
455,6.19
701,7.55
897,8.55
1030,11.19
1091,11.33
1075,11.43
984,11.18
823,11.19
605,8.55
343,8.6
73,11.89
0,11.67
0,11.57
0,11.71
0,10.92
0,10.47
0,9.89
0,12.75
0,11.98
0,11.4
0,11.18
0,11.25
3,10.17
184,10.16
462,13.01
707,13.64
903,14.74
1036,15
1096,15.15
1080,15.21
988,15.37
828,15.37
609,15.34
347,15.64
75,15.92
0,15.74
0,15.21
0,15.58
0,15.22
0,14.12
0,13.81
0,12.47
0,10.38
0,12.94
0,13
0,13
4,8.75
191,12.28
468,6.13
714,11.89
909,13.98
1042,8.2
1102,8.06
1085,5.96
993,13.98
832,11.89
613,13.98
351,13.98
78,12.95
0,15.7
0,13.98
0,7.88
0,8.11
0,6.12
0,6.14
0,18.98
0,15.48
0,14.65
0,14.41
0,14.34
6,15.54
198,21.02
475,23.73
720,24.97
915,26.23
1047,28.13
1107,29.31
1090,30.36
997,32.26
836,33.54
617,34.68
355,30.58
81,30.83
0,32.92
0,30.24
0,25.98
0,28.1
0,22.98
0,22.57
0,16.71
0,15.84
0,15.5
0,15.33
0,15.43
7,16.32
204,17.72
481,20.92
726,21.46
921,21.55
1053,22.45
1112,22.58
1094,24.45
1002,29.02
840,34.54
621,35.59
359,32.66
84,32.02
0,29.45
0,27.95
0,22.15
0,21.7
0,20.15
0,17.41
0,23.72
0,21.44
0,19.58
0,18.24
0,17.88
9,19.32
211,22.32
488,24.25
732,26.18
927,28.89
1058,31.7
1117,33.73
1099,37.01
1006,40.98
844,43.42
625,46.02
363,45.2
87,45.96
0,41.48
0,38.12
0,35.26
0,32.68
0,28.71
0,24.38
0,26.49
0,24.78
0,22.62
0,22.25
0,22.52
10,24.68
218,26.73
494,29.7
739,30.99
933,33.66
1063,35.48
1122,39.15
1104,40.79
1010,44.71
848,46.59
629,46.07
367,50.13
90,48.16
0,42.77
0,39.05
0,38.45
0,36.21
0,31.03
0,28.86
0,19.78
0,19.61
0,16.49
0,16.53
0,17.79
12,17.8
224,18.29
501,19.36
745,19.59
938,20.06
1069,20.54
1127,21
1108,21.32
1015,21.35
852,21.59
633,22.13
371,22.62
93,23.01
0,46.34
0,42.43
0,40.35
0,36.64
0,30.75
0,23.17
0,25.6
0,24.18
0,22.57
0,22.14
0,21.58
14,21.69
231,23.63
507,27.11
751,29.47
944,30.73
1074,36.09
1131,38.7
1113,41.17
1019,40.67
856,47.55
637,36.26
375,36.83
96,36.03
0,41.9
0,38.44
0,37.11
0,35.23
0,29.46
0,27.53
0,25.3
0,22.01
0,20.24
0,19.91
0,19.73
16,19.77
238,21.15
514,21.98
757,23.57
950,25.57
1079,27.39
1136,30.01
1117,31.74
1023,33.5
860,34.95
640,35.96
378,36.65
100,37.3
0,34.79
0,33.15
0,32.37
0,29.85
0,26.25
0,24.69
0,24.34
0,20.38
0,19.34
0,19.03
0,19.01
18,19.06
244,19.05
520,20.14
763,22.27
955,24.65
1084,25.96
1141,28.57
1121,29.82
1027,33.11
864,34.99
644,36.51
382,38.56
103,39.2
0,37.1
0,36.06
0,35.86
0,32.36
0,28.76
0,24.88
0,23.59
0,21.64
0,20.35
0,20.4
0,20.46
21,21.48
251,22.95
526,22.26
769,23.22
961,27.58
1089,27.25
1145,31.27
1126,32.52
1031,34.23
868,28.39
648,29.19
386,30.22
106,30.43
0,28.1
0,29.1
0,29.74
0,23.39
0,22.79
0,22.14
0,20.02
0,16.55
0,16.89
0,18.53
0,19.01
24,20.34
257,21.42
533,22.18
775,21.6
966,22.81
1094,23.22
1150,23.41
1130,22.12
1035,22.1
872,23.4
651,24.53
390,24.91
109,25.08
0,24.13
0,23.76
0,23.41
0,22.79
0,22.12
0,21.75
0,27.2
0,28.04
0,28.95
0,29.85
0,29.87
26,31.94
264,33.22
539,31.62
780,16.95
972,18.39
1099,24.14
1154,31.59
1134,33.59
1039,31.83
875,35.65
655,31.35
393,31.25
113,45.4
0,43.84
0,41.85
0,41.55
0,36.66
0,34.76
0,31.29
0,22.36
0,21.07
0,19.79
0,19.28
0,19.86
29,21.61
270,26.39
545,28.11
786,29.92
977,32.72
1104,32.78
1159,33.96
1138,35.95
1042,38
879,39.27
659,39.16
397,40.22
116,38.79
0,35.94
0,37.03
0,36.1
0,29.23
0,24.94
0,22.36
0,26.03
0,23.98
0,22.2
0,21.32
0,21.21
32,20.7
277,21.48
551,21.72
792,24.72
982,28.37
1109,30.2
1163,31.48
1142,32.99
1046,38.43
882,40.29
662,38.98
400,45.44
119,46.86
0,43.49
0,44.19
0,36.5
0,32.49
0,25.1
0,23.06
0,23.08
0,22.34
0,21.92
0,21.85
0,22.45
35,20
283,20.81
557,21.39
797,21.64
987,21.72
1113,21.95
1167,22.02
1146,23.1
1050,23.25
886,23.38
665,23.29
404,23.99
123,23.63
0,23.01
0,23.15
0,22.93
0,21.52
0,20.88
0,20.57
0,15.87
0,15.63
0,15.57
0,14.71
0,14.57
39,15.63
290,19.94
563,19.75
803,20.31
992,18.13
1118,18.13
1172,20.81
1149,20.87
1053,21
889,17.67
669,18.02
407,21.09
126,21.34
0,21.12
0,21.57
0,21.24
0,17.43
0,16.95
0,16.6
0,17.57
0,14.72
0,14.53
0,14.51
0,14.51
42,14.53
296,14.67
569,17.63
809,19.41
997,20.21
1122,20.79
1176,20.21
1153,20.29
1057,20.34
892,20.27
672,20.79
411,21.13
130,21.49
0,21.59
0,21.82
0,21.42
0,20.5
0,20.19
0,19.18
0,19.98
0,19.69
0,16.95
0,16.78
0,16.87
46,17.13
303,21.04
575,20.95
814,17.61
1002,17.61
1127,21.11
1180,21.08
1157,21.19
1060,21.3
896,21.15
676,21.21
414,20.95
133,21.06
0,21.49
0,21.68
0,20.67
0,20.23
0,20.36
0,19.44
0,26.23
0,16.21
0,16.94
0,16.98
0,16.92
49,16.78
309,17.23
581,22.26
819,23.9
1007,22.9
1131,22.67
1184,22.64
1160,22.49
1063,22.29
899,22.17
679,22.19
418,22.17
137,22.35
0,27.16
0,29.42
0,22.82
0,22.28
0,22.33
0,21.47
0,16.5
0,16.48
0,16.35
0,16.44
0,16.43
53,16.41
315,16.77
587,16.65
825,20.27
1012,22.4
1136,22.73
1187,22.82
1164,23.7
1067,24.08
902,22.74
682,23.66
421,23.81
140,25.84
0,34.69
0,32.49
0,28.03
0,22.2
0,22.11
0,17.12
0,12.99
0,13.21
0,13.42
0,14.29
0,14.27
57,22.64
321,23.67
593,25.97
830,25.65
1016,25.37
1140,25.21
1191,25.16
1167,23.49
1070,24.74
905,23.3
685,23.37
425,23.34
144,25.17
0,26.23
0,26.48
0,25.3
0,23.54
0,23.71
0,17.71
0,22.62
0,15.67
0,15.07
0,14.76
0,9.91
61,9.17
327,10.92
598,11.25
835,12.45
1021,15.52
1144,19.25
1195,12.67
1171,15.52
1073,11.39
908,11.35
688,10.9
428,11.9
147,13.72
0,48.12
0,45.37
0,38.22
0,33.89
0,30.5
0,27.94
0,22.18
0,20.91
0,21.29
0,20.52
0,21.28
65,22.51
333,29.67
604,37.81
840,34.64
1026,33.37
1148,32.55
1198,31.83
1174,30.59
1076,28.47
911,27.47
691,28.72
431,31.19
151,34.74
0,41.07
0,41.39
0,35.76
0,28.42
0,24.75
0,22.14
0,21.12
0,19.77
0,19.62
0,18.98
0,19.77
70,22.18
339,27.4
609,32.23
845,35.07
1030,34.64
1152,34.8
1202,34.94
1177,34.59
1079,35.32
914,33.89
694,32.18
434,36.63
154,39.34
1,42.4
0,38.35
0,31.84
0,26.95
0,25.81
0,22.11
0,22.28
0,22.09
0,19.77
0,19.77
0,20.09
74,23.38
345,35.49
615,36.12
850,35.65
1034,33.67
1156,33.8
1205,32.8
1180,30.77
1082,31.87
917,29.31
697,31.68
438,33.26
158,42.47
1,42.23
0,35.74
0,34.11
0,27.43
0,23.86
0,21.25
0,16.73
0,13.86
0,13.29
0,13.71
0,14.59
79,18.39
351,16.63
620,21.93
855,21.93
1039,20.48
1159,21.85
1209,20.48
1183,21.85
1085,21.85
920,21.39
700,20.54
441,21.93
161,24.79
1,24.65
0,24.5
0,23.49
0,23.05
0,22.19
0,20.19
0,14.67
0,19.07
0,17.7
0,15.55
0,19.8
83,19.79
357,26.48
625,32.21
859,37.24
1043,39.92
1163,37.59
1212,35.7
1186,33.47
1088,31.53
923,31.62
703,34.09
444,38.54
165,51.25
1,46.57
0,43.97
0,40.61
0,37.21
0,35.68
0,31.48
0,23.57
0,22.09
0,22.45
0,20.12
0,22.19
88,25.14
363,44.56
630,54.46
864,59.08
1047,58.87
1167,57.5
1215,58.71
1189,56.99
1091,47.62
926,45.02
706,45.53
447,66.09
168,67.83
2,60.44
0,51.18
0,49.06
0,35.92
0,31.93
0,26.2
0,36.8
0,36.06
0,34.55
0,31.61
0,32.56
93,33.53
368,46.37
636,50.2
868,42.64
1051,37.74
1170,37.14
1218,33.26
1192,32.67
1093,27.66
928,27.61
709,27.29
450,36.14
171,41.62
2,42.78
0,36.9
0,35.01
0,31.78
0,24.18
0,20.01
0,19.89
0,19.01
0,17.17
0,16.82
0,15.81
97,19.24
374,37.04
641,41.27
873,42.48
1055,39.2
1174,38.5
1222,35.16
1195,33.04
1096,30.61
931,32.09
712,34
454,40
175,51.76
3,49.47
0,43.36
0,39.93
0,34.68
0,29.71
0,24.59
0,30.36
0,28.86
0,28.43
0,26.89
0,26
102,31.38
379,42.8
645,48.17
877,48.53
1059,45.84
1177,43.99
1224,42.75
1198,41.12
1099,39.45
934,38.83
715,39.23
457,48.45
178,59.64
3,54.54
0,46.01
0,42.99
0,40.32
0,37.5
0,31.96
0,15.17
0,15.26
0,15.38
0,15.19
0,15.18
107,17.96
385,28.59
650,32.9
882,34.71
1062,29.31
1180,34.04
1227,33.27
1200,23.63
1101,31.8
936,31.83
718,33.13
460,38.89
182,49.71
4,48.58
0,42.95
0,41.97
0,34
0,24.07
0,19.12
0,13.29
0,14.05
0,14.68
0,15.01
0,14.81
112,16.82
390,26.38
655,24.95
886,28.2
1066,32.75
1184,35.31
1230,34.61
1203,33.68
1104,33.59
939,30.56
720,28.41
463,39.05
185,39.9
4,38.81
0,34.26
0,31.55
0,26.75
0,24.69
0,18.96
0,19.95
0,17.22
0,17.74
0,18.43
0,17.59
117,22.83
395,29.54
660,30.45
890,27.89
1070,28.34
1187,28.22
1233,31.24
1205,29.33
1106,28.61
941,25.32
723,24.67
466,29.35
189,32.74
5,31.78
0,26.18
0,25.95
0,22.47
0,19.17
0,15.8
0,102.41
0,97.65
0,91.01
0,90.17
0,95.97
123,126.53
400,130.92
664,138.29
894,142.88
1073,136.34
1190,111.08
1236,93.76
1208,73.91
1108,64.75
944,60.42
726,60.33
469,105.36
192,166.99
6,185.07
0,128.82
0,137.72
0,97
0,60.3
0,38.72
0,47.11
0,46.11
0,46.51
0,44.22
0,47.04
128,67.08
405,96.63
669,114.01
898,113.9
1076,112.97
1193,97.67
1238,87.79
1210,66.1
1111,66.02
946,59.61
728,62.65
472,91.84
195,127.9
6,129.2
0,118.09
0,103.2
0,85.2
0,65.28
0,56.76
0,30.34
0,26.3
0,25.44
0,24.63
0,26.47
133,27.23
410,23.08
673,24.22
902,26.58
1080,29.74
1195,31.24
1241,28.99
1213,27.82
1113,26.85
949,26.18
731,26.13
475,31.74
199,41.81
7,41.56
0,37.53
0,33.67
0,29.41
0,23.85
0,25.02
0,14.45
0,12.39
0,12.58
0,12.73
0,12.88
138,16.36
415,23.83
677,24.72
905,25.43
1083,26.36
1198,26.73
1243,24.51
1215,23
1115,22.5
951,22.91
733,22.83
477,24.37
202,31.38
8,14.68
0,14.65
0,14.7
0,14.72
0,13.73
0,13.24
0,19.38
0,16.4
0,14.71
0,15.09
0,14.51
143,19.6
420,21.25
681,22.92
909,27.21
1086,28.89
1201,27.92
1246,25.22
1217,21.58
1117,19.31
953,18.29
736,17.79
480,19.17
205,22.57
9,30.69
0,29.44
0,26.54
0,24.9
0,22.77
0,20.9
0,21.53
0,17.38
0,16.84
0,18.04
0,19.07
148,21.59
424,23.86
686,23.48
912,26.12
1089,28.14
1203,25.83
1248,22.21
1219,22.31
1119,19.24
955,17.81
738,20.1
483,21
209,25.49
10,28.08
0,33.85
0,33.41
0,30.42
0,27.82
0,24.36
0,24.41
0,22.97
0,23.63
0,23.92
1,25.26
153,28.37
429,35.48
690,39.82
916,39.49
1092,36.4
1206,34.38
1250,30.5
1221,28.88
1121,27.04
958,26.38
741,26.14
486,26.43
212,27.36
11,31.75
0,37.92
0,37.97
0,31.71
0,27.86
0,23.22
0,7.73
0,7.73
0,7.73
0,7.73
1,7.73
158,7.87
433,11.31
693,11.07
919,12.76
1095,12.78
1208,13
1252,12.8
1223,12.81
1123,12.79
960,12.81
743,12.82
489,12.82
215,12.83
12,13.9
0,19.37
0,23.12
0,20.38
0,17.31
0,15.39
0,19.75
0,15.19
0,14.9
0,14.5
2,17.4
163,21.47
437,28.09
697,32.94
922,29.36
1098,30.31
1211,30.2
1254,27.7
1225,24.13
1125,24
962,21.91
746,20.05
492,19.82
218,25.03
13,25.42
0,29.89
0,31.75
0,26.86
0,22.82
0,17.25
0,18.59
0,17.72
0,18.06
0,17.35
2,19.19
167,22.17
442,28.73
701,33.14
925,31.71
1100,33.09
1213,31.71
1256,29.39
1227,26.23
1127,25.7
964,28.12
748,24.43
495,23.88
222,24.31
14,24.45
0,26.41
0,26.98
0,19.33
0,14.86
0,11.92
0,22.92
0,23.95
0,21.42
0,21.08
3,21.31
172,23.34
446,24.83
704,24.18
929,29.57
1103,31.53
1215,31.88
1258,31.92
1229,31.66
1129,30.28
966,29.05
750,28.94
497,29.9
225,32.3
15,34.09
0,36.63
0,37.21
0,32.16
0,27.47
0,24.41
0,29.17
0,28.54
0,26.97
0,27.08
4,29.59
176,32.78
450,38.77
708,41.88
931,44.33
1105,46.64
1217,47.39
1260,44.17
1231,42.97
1131,39.89
968,39.45
753,37.86
500,39.56
228,42.15
16,43.06
0,50.16
0,48.21
0,41.24
0,35.44
0,33.2
0,37.27
0,36.53
0,35.02
0,33.83
4,35.5
181,39.92
454,46.51
711,50.69
934,50.44
1108,52.4
1219,49.96
1262,48.82
1232,45.76
1133,44.74
970,43.44
755,41.7
503,42.45
231,46.13
17,46.98
0,52.06
0,52.25
0,45.82
0,38.01
0,35.98
0,16.11
0,16.31
0,15.24
0,15.41
5,15.4
185,16.65
458,17.66
714,21.83
937,25.42
1110,27.03
1221,26.73
1264,25.95
1234,24.42
1134,22.86
972,22.36
757,21.95
505,22.38
234,24.41
19,25.71
0,27.66
0,31.23
0,26.91
0,23.67
0,22.41
0,17.9
0,15.96
0,15.28
0,14.92
6,15.66
189,21.02
461,25.68
718,30.36
940,32.14
1112,34.55
1223,34.76
1265,33.47
1236,27.98
1136,25.52
974,25.14
759,24.62
508,24.8
238,28.11
20,29.5
0,32.53
0,36.73
0,28.67
0,22.53
0,21.11
0,3.84
0,3.72
0,3.72
0,4.23
7,3.97
193,4.31
465,7.94
721,4.45
942,4.18
1114,15.38
1225,15.32
1267,15.46
1237,15.4
1138,15.36
976,15.28
762,15.2
511,15.25
241,15.1
21,15.14
0,15.13
0,15.08
0,15.19
0,13.17
0,9.86
0,10.04
0,10.38
0,8.6
0,8.68
8,8.72
197,7.92
468,11.09
724,8.5
945,9.95
1116,10.19
1227,10.22
1268,10.17
1239,10.04
1139,10.01
977,9.92
764,9.89
513,9.97
244,9.97
23,10
0,9.98
0,9.86
0,9.62
0,9.24
0,13.17
0,10.56
0,9.57
0,9.45
0,9.44
9,9.33
201,9.31
472,10.25
727,10.68
947,13.17
1118,15.46
1228,15.2
1270,15.42
1240,15.53
1141,15.69
979,16.21
766,15.72
516,16.47
247,16.52
24,16.14
0,16.06
0,16.11
0,15.45
0,15.1
0,14.22
0,12.27
0,11.66
0,11.3
0,11.29
10,11.36
205,13.26
475,12.45
729,3.74
949,3.74
1120,0
1230,0
1271,0
1241,0
1142,0
981,0
768,0
519,0
250,0
26,0
0,0
0,3.74
0,0
0,0
0,0
0,0
0,0
0,0
0,0
11,0
209,0
478,0
732,0
952,0
1122,0
1231,0
1273,0
1243,0
1144,0
983,2.13
770,1.7
521,1.95
253,1.84
27,1.79
0,0
0,0
0,0
0,1.8
0,1.6
0,3.52
0,3.52
0,3.95
0,6.5
12,6.77
212,3.52
481,0
734,2.69
954,2.72
1124,7.7
1233,5.9
1274,6.14
1244,3.52
1145,6.77
984,6.72
772,16.78
524,17.81
256,17.79
29,15.8
0,14.77
0,7.7
0,7.7
0,3.52
0,3.07
0,1.09
0,1.2
0,1.33
0,1.38
13,1.35
216,1.86
484,1.26
737,2.69
956,3.51
1125,6.68
1234,6.68
1275,6.68
1245,6.68
1147,11.64
986,10.9
774,10.12
526,9.34
259,5.61
30,3.52
0,0
0,-0.37
0,-0.1
0,0.33
0,0.73
0,4.58
0,11.06
0,12.94
0,9.85
15,7.13
219,4.59
487,13.57
739,16.6
958,16.78
1127,16.95
1236,17.26
1276,17.51
1247,16.59
1148,17.92
988,18.11
776,18.5
529,30.04
262,18.44
32,17.91
0,17.61
0,4.58
0,4.58
0,4.58
0,4.58
0,17.89
0,14.42
0,13.86
0,13.84
16,13.83
222,13.82
490,18.14
742,22.74
959,23.58
1128,24.75
1237,26.42
1278,27.95
1248,28.5
1149,29.83
989,31.15
778,31.62
531,33.39
265,31.41
33,28.95
0,26.64
0,26.77
0,25.11
0,22.26
0,22.3
0,19.75
0,18.24
0,16.26
0,16.13
17,15.96
225,16.89
492,18.43
744,16.57
961,19.57
1130,18.24
1238,21.17
1279,22.09
1249,24.58
1151,26.89
991,28.57
780,30.98
534,34.74
268,34.09
35,30.84
0,27.32
0,26.51
0,23.7
0,21.2
0,20.96
0,22.07
0,23.1
0,23.75
0,21.85
18,25.03
228,26.2
495,27.88
746,31.77
963,35.42
1131,40.6
1239,44.49
1280,40.76
1250,58.84
1152,69.21
993,71.57
782,53.23
536,55.96
271,63.63
37,67.41
0,44.18
0,49.09
0,36.91
0,37.43
0,33.5
0,22.7
0,21.66
0,19.58
0,18.66
19,19.63
231,20.61
497,23.98
748,24.53
964,28.09
1132,30.87
1240,33.14
1281,34.14
1251,30.93
1153,25.75
994,22.26
784,22.03
538,23.7
274,24.36
39,23.57
0,29.31
0,28.69
0,29.52
0,26.62
0,24.13
0,22.91
0,20.24
0,18.29
0,17.06
21,17.07
234,19.29
500,22.51
750,23.01
966,24.19
1133,27.37
1241,29.56
1282,32.52
1252,35.63
1154,38.33
996,40.34
786,43.35
541,42.5
277,36.49
40,31.29
0,28.94
0,34.25
0,31.15
0,27.36
0,24.53
0,23.69
0,19.39
0,17.47
0,17.36
22,17.54
237,16.99
502,18.23
751,17.85
967,21.02
1135,23.59
1242,24.94
1283,26.56
1253,28.6
1156,29.44
997,30.68
788,32.44
543,33.88
279,35.28
42,32.55
0,30.61
0,29.28
0,26.74
0,23.53
0,22.3
0,25.81
0,23.73
0,21.77
0,21.22
23,21.79
239,23.16
504,24.31
753,24.78
968,24.11
1136,29.98
1243,34.06
1283,38.4
1254,39.34
1157,42.21
999,43.81
790,43.87
545,42.83
282,34.23
44,42.74
0,39.92
0,24.16
0,23.15
0,23.15
0,23.67
0,25.37
0,23.34
0,22.29
0,21.42
24,21.56
242,22.78
506,24.89
755,28.18
970,30.21
1137,32.13
1244,34.7
1284,37.31
1255,38.76
1158,41.82
1000,43.98
792,43.41
548,46.61
285,42.83
46,42.7
0,39.75
0,38.6
0,34.68
0,28.54
0,26.47
0,26.96
0,22.36
0,20.33
0,19.1
25,19.13
244,19.12
508,19.42
756,21.57
971,22.59
1137,25.26
1245,26.2
1285,28.1
1256,30.51
1159,31.8
1001,32.22
794,33.3
550,35.05
288,35.27
47,34.05
0,33.7
0,32.43
0,28.95
0,26.9
0,24.22
0,20.53
0,19.05
0,16.62
0,16.11
26,13.98
246,13.99
510,17.93
757,19.11
972,20.91
1138,22.79
1245,24.53
1286,26.91
1257,27.6
1160,31.22
1003,32.86
795,27.33
552,36.84
290,36.78
49,37.75
0,36.39
0,37.21
0,33.92
0,28.39
0,26.3
0,30.24
0,27.83
0,26.45
0,26.06
27,26.4
248,27.97
511,31.07
759,33.43
973,36.04
1139,39.78
1246,42.98
1286,47.94
1257,50.9
1161,58.26
1004,69.39
797,76.79
554,81.73
293,78.49
51,56.82
0,50.7
0,48.8
0,42.88
0,37.74
0,34.2
0,22.6
0,20.96
0,19.71
0,19.49
28,20.36
250,21.53
513,27.38
760,30.4
974,33.09
1140,33.08
1247,34.95
1287,35.51
1258,38.18
1162,40.15
1006,41.11
799,42.52
557,43.35
296,44.3
53,40.65
0,40.65
0,39.76
0,33.71
0,29.46
0,25.7
0,24.64
0,22.35
0,22.2
0,21.65
29,21.89
252,21.62
514,22
761,23.44
974,25.47
1140,28.13
1247,30.12
1288,31.4
1259,32.99
1163,34.44
1007,36.06
801,36.89
559,39.2
298,39.22
55,37.52
0,36.71
0,35.26
0,32.49
0,28.18
0,25.63
0,20.22
0,19.82
0,19.68
0,19.74
30,19.77
254,20.13
516,21.19
762,21.7
975,21.72
1141,22.63
1248,22.76
1288,22.84
1260,24.19
1164,27.7
1008,23.44
802,23.41
561,24.8
301,28.62
57,44.62
0,46.02
0,43.03
0,38.87
0,32.86
0,30.09
0,17.48
0,17.44
0,15.17
0,14.37
31,14.3
255,17.09
517,19.5
763,19.95
976,20.11
1141,20.29
1248,21.09
1289,20.54
1260,20.85
1165,22.05
1009,21.23
804,21.24
563,21.45
303,21.68
58,21.7
0,22.07
0,21.17
0,21.19
0,20.17
0,20.57
0,16.97
0,15.22
0,12.98
0,14.17
32,16.61
257,18.46
518,20.36
764,22.97
976,21.32
1142,21.6
1248,21.57
1289,21.78
1261,22.37
1166,22.05
1011,22.37
806,22.5
565,23.03
306,22.97
60,22.98
0,23.34
0,22.62
0,21.01
0,20.48
0,19.54
0,3.62
0,3.5
0,3.48
0,3.56
33,3.6
258,4.08
519,14.48
764,22.03
977,22.59
1142,22.37
1249,22.66
1289,22.19
1261,22.08
1167,22.1
1012,13.44
807,20.53
567,22.06
308,22.36
62,22.93
0,23.29
0,22.61
0,17.16
0,10.23
0,9.22
0,4.08
0,7.54
0,7.29
0,4.08
34,4.08
260,6.15
520,22.63
765,22.8
977,22.64
1142,23.05
1249,22.95
1290,22.81
1262,22.56
1168,19.69
1013,13.44
809,4.56
569,4.08
310,10.91
64,19.69
0,19.69
0,22.1
0,14.9
0,16.59
0,6.79
0,28.25
0,26.92
0,25.89
0,25.26
35,25.23
261,28.68
521,37.34
766,47.06
978,44.51
1143,38.75
1249,42.48
1290,40.49
1263,38.73
1168,32.06
1014,30.03
810,30.73
571,38.32
313,46.22
66,53.69
0,43.28
0,38.65
0,28.11
0,27.65
0,23.79
0,19.96
0,19.96
0,18.34
0,18.07
35,18.19
262,19.87
522,27.5
766,29.64
978,26.57
1143,23.7
1250,23.47
1291,23.38
1263,23.22
1169,22.85
1015,22.68
812,22.55
573,23.41
315,25.72
67,23.02
0,22.81
0,22.86
0,18.04
0,17.66
0,15.56
0,19.56
0,16.12
0,16.09
0,16.13
36,18.26
263,18.71
522,23.27
767,24.15
978,25.67
1143,25.59
1250,25.29
1291,24.22
1264,24.63
1170,23.66
1016,23.75
813,24.16
575,26.65
317,38.07
69,36.27
0,33.73
0,32.42
0,26.49
0,24.19
0,23.63
0,25.16
0,25.57
0,23.09
0,22.6
37,22.53
264,28.49
523,35.39
767,41.35
978,40.47
1143,36.23
1250,33.99
1291,31.66
1264,31.03
1171,35.97
1018,34.07
815,31.73
576,43.32
319,51.75
71,36.71
0,31.08
0,27.34
0,24.25
0,23.67
0,22.32
0,31.89
0,24.43
0,23.98
0,24.6
37,24.37
265,26.65
523,30.55
767,29.89
979,32.29
1143,32.9
1250,30.06
1291,31.22
1265,29
1172,28.08
1019,28.02
816,28.01
578,32.13
321,39.63
73,40.94
0,41.25
0,37.28
0,35.98
0,30.53
0,28.97
0,23.73
0,22.43
0,19.91
0,21.26
38,21.7
265,26.54
524,38.39
767,42.17
979,46.06
1143,45.61
1250,44.48
1292,40.73
1265,39.91
1172,38.81
1020,38.57
818,39.57
580,46.42
323,57.4
74,54
0,47.76
0,44.05
0,41.31
0,37.18
0,34.83
0,12.19
0,12.14
0,11.41
0,11.58
38,12.07
266,15.56
524,28.76
767,32.52
979,31.32
1143,30.87
1250,30.11
1292,27.93
1265,27.25
1173,26.17
1021,25.87
819,23.82
582,28.96
325,37.43
76,34.61
0,31.17
0,28.35
0,22.21
0,15
0,8.45
0,16.56
0,16.46
0,15.38
0,15.56
38,18.52
266,22.72
524,31.59
767,33.25
979,36.47
1143,38.57
1250,37.95
1292,36.61
1266,34.33
1174,34.49
1022,33.91
820,35.41
583,43.27
327,51.55
78,49.34
0,45.7
0,40.07
0,36.01
0,31.23
0,24.48
0,20.92
0,17.85
0,17.86
0,17.66
39,18.96
267,26.14
524,41.07
767,44.55
978,42.3
1143,40.34
1250,38.99
1292,37.14
1266,35.92
1174,35.8
1023,34.8
822,35.47
585,52.29
329,66.99
79,56.18
0,55.04
0,46.57
0,37.44
0,31.13
0,23.41
0,14.17
0,14.83
0,15.29
0,15.28
39,16.81
267,20.88
524,34.21
767,42.52
978,45.48
1143,33.23
1250,32.33
1292,30.45
1266,30.58
1175,29.36
1024,28.46
823,30.87
586,45.26
331,54.92
81,52.3
0,39.55
0,30.81
0,28.44
0,24.71
0,16.13
0,12.91
0,11.71
0,11.28
0,11.33
39,11.24
267,13.25
524,23.25
767,23.26
978,24.64
1143,23.06
1250,22.81
1292,22.56
1267,20.81
1175,20.79
1024,20.84
824,19.75
588,21.64
333,25.93
83,24.8
0,24.62
0,22.73
0,20.72
0,17.55
0,11.81
0,15.1
0,14.82
0,14.59
0,14.18
39,14.57
267,15.38
524,20.54
767,20.11
978,24.97
1142,22.73
1250,27.96
1292,29.06
1267,24.8
1176,24.02
1025,24.07
825,22.69
589,29.81
334,38.88
84,35.98
0,30.72
0,27.75
0,25.41
0,21.91
0,18.19
0,11.43
0,11.47
0,10.99
0,11.21
39,11.82
267,12.55
524,17.7
766,14.84
977,14.85
1142,14.85
1249,17.61
1292,22.13
1267,21.91
1177,17.88
1026,17.78
826,17.73
591,14.98
336,17.96
85,15.91
0,15.08
0,17.81
0,17.84
0,21.92
0,17.51
0,30.6
0,28.51
0,30.91
0,31.35
39,32.45
267,39.81
524,48.26
766,43.58
977,42.65
1142,48.19
1249,44.36
1292,41.89
1268,38.28
1177,36.08
1027,34.84
827,34.57
592,40.41
337,43.39
87,39.54
0,37.36
0,36.22
0,31.2
0,29.75
0,27.88
0,31.57
0,27.52
0,27.59
0,26.29
39,29
267,32.24
523,44.24
766,35.06
976,46.3
1141,42.82
1249,39.6
1292,37.31
1268,32.01
1178,31.25
1028,31.25
828,30.71
593,34.37
339,43.53
88,50.17
0,43.89
0,40.9
0,39.36
0,36.41
0,31.75
0,29.9
0,29.09
0,28.18
0,27.66
39,27.59
266,30.16
523,37.89
765,39.93
976,38.81
1141,38.19
1249,38.17
1292,36.32
1268,33.54
1178,32.56
1028,31.27
829,31.15
595,34.44
340,43.41
89,44.51
0,38.84
0,35.06
0,31.43
0,30.29
0,27.26
0,28.07
0,26.74
0,26.89
0,26.59
39,26.45
266,28.93
522,36.42
765,43.94
975,40.98
1140,37.72
1248,35.98
1292,34.26
1268,30.49
1179,30.05
1029,29.67
830,28.57
596,33.07
342,43.19
91,47.2
0,43.48
0,39.26
0,33.2
0,31.67
0,29.66
0,15.22
0,14.2
0,13.68
0,14.5
39,15.11
265,15.16
522,24.84
764,20.01
975,14.93
1140,24.05
1248,15.06
1292,15
1268,14.91
1179,14.99
1030,14.97
831,14.96
597,14.13
343,15.71
92,25.21
0,22.06
0,19.9
0,16.05
0,15.13
0,15.28
0,16.65
0,15.13
0,13.29
0,13.67
39,15.38
265,19.81
521,26.89
763,29.77
974,27.16
1139,29.75
1248,26.89
1292,25.93
1268,23.06
1179,21.68
1031,21.76
832,21.42
598,22.66
344,31.6
93,35.99
0,35.31
0,29.93
0,21.43
0,15.6
0,15.43
0,16.73
0,14.3
0,14.92
0,14.78
38,16.57
264,19.42
520,25.42
762,28.39
973,29.86
1139,29.97
1247,28.6
1292,27.92
1269,26.29
1180,25.54
1031,23.98
833,23.67
599,25.83
345,32.86
94,37.13
0,34.84
0,29.28
0,26.13
0,23.64
0,16.65
0,16.18
0,14.22
0,14.4
0,14.6
38,14.84
263,21.93
519,27.57
762,31.58
973,30.46
1138,31.84
1247,31.16
1292,27.79
1269,26.13
1180,25.41
1032,23.07
834,22.77
600,24.94
346,29.6
95,33.54
0,31.98
0,27.33
0,24.57
0,22.22
0,16.72
0,26.91
0,24.43
0,0
0,22.67
37,19.68
262,18.52
519,18.21
761,19.13
972,23.72
1138,24.43
1247,22.79
1291,23.27
1269,21.21
1180,19.78
1032,19.52
835,19.58
601,21.21
347,22.9
96,31.32
0,36.74
0,33.13
0,26.92
0,21.84
0,22.96
0,21.42
0,20.36
0,18.89
0,19.77
37,21.56
262,24.77
518,28.29
760,34.6
971,32.44
1137,30.1
1246,29.66
1291,27.81
1269,27.18
1181,25.89
1033,23.07
835,22.15
602,24.11
348,24.82
96,27.3
0,33.64
0,32.68
0,25.66
0,21.3
0,16.85
0,17.6
0,17.83
0,17.4
0,17.55
37,17.55
261,22.21
517,25.87
759,32.17
970,31.03
1136,30.45
1246,30.43
1291,29.77
1269,27.91
1181,27.04
1033,24.93
836,24.52
602,25.09
349,25.98
97,27.31
0,32.31
0,26.05
0,24.59
0,21.2
0,15.45
0,16.87
0,17.44
0,15.48
0,17.38
36,17.11
259,22.2
516,20.52
758,10.84
969,10.14
1136,10.25
1245,10.25
1291,15.01
1269,24.92
1181,20.95
1034,20.29
836,19.36
603,26.04
350,28.09
98,29.75
0,38.46
0,39.4
0,34.58
0,29.23
0,25.35
0,24.09
0,21.19
0,18.41
0,18.18
35,19.61
258,27.2
514,35.29
757,35.06
969,33.61
1135,31.23
1245,33.24
1290,29.34
1269,27.85
1181,23.79
1034,20.06
837,15.47
604,15.47
350,15.46
98,15.08
0,14.76
0,14.8
0,12.94
0,5.8
0,12.94
0,10.68
0,9.12
0,9.13
0,9.17
35,9.1
257,10.82
513,12.28
756,12.73
968,14.04
1134,13.47
1244,13.82
1290,14.43
1269,13.91
1181,14.82
1034,14.74
837,14.68
604,14.75
351,14.75
99,14.77
0,7.58
0,7.58
0,3.85
0,3.72
0,3.61
0,10.84
0,10.16
0,10.18
0,9.78
34,10.13
256,10.28
512,9.63
755,1.2
967,1.45
1133,1.45
1244,1.48
1290,1.47
1269,1.47
1182,1.47
1035,2.3
838,1.57
605,1.49
351,1.56
99,1.71
0,1.55
0,0
0,2.3
0,1.7
0,2.43
0,1.69
0,2.46
0,2.46
0,1.75
33,1.55
254,1.36
511,0.9
753,0.29
966,0.21
1133,0.15
1243,0.06
1289,-0.07
1268,-0.17
1182,-0.2
1035,-0.31
838,-0.02
605,0
352,0
99,0.38
0,0.44
0,-0.24
0,-0.03
0,0.4
0,0.65
0,13.94
0,12.65
0,11.67
0,10.84
33,10.86
253,10.86
509,12.57
752,13.92
965,15.48
1132,17.66
1242,19.65
1289,20.85
1268,21.04
1182,21.53
1035,21.93
838,21.41
605,23.47
352,24.45
99,25.29
0,25.12
0,23.24
0,23.35
0,17.64
0,14.01
0,14.65
0,13.14
0,11.5
0,11.55
32,12.07
251,13.91
508,19.49
751,2.64
963,3.07
1131,2.71
1242,2.72
1289,3.54
1268,3.54
1182,4.91
1035,3.54
839,4.91
606,8.33
352,4.91
99,4.91
0,3.54
0,4.91
0,3.54
0,2.69
0,0
0,0
0,0
0,5.01
0,0
31,4.44
250,0
506,1.65
750,0.7
962,0.3
1130,0.38
1241,0.07
1288,-0.13
1268,-0.3
1182,-0.33
1035,-0.48
839,-0.58
606,0
352,2.87
99,8.05
0,8.07
0,7.76
0,16.86
0,16.89
0,15.7
0,16.79
0,15.43
0,13.97
0,13.99
30,14
248,14.1
505,14.24
748,14.38
961,19.25
1129,21.44
1241,22.95
1288,26.06
1268,27.31
1182,30.52
1035,29.85
839,29.91
606,31.73
352,31.24
99,31.39
0,28.62
0,27.25
0,26.73
0,23.53
0,19.32
0,16.44
0,15.42
0,13.82
0,13.82
29,13.82
246,14.69
503,17.21
747,18.1
960,18.95
1128,19.34
1240,19.87
1287,20.9
1268,21.89
1182,23.31
1035,23.7
839,24.66
606,26.33
352,28.53
99,24.27
0,22.37
0,21.89
0,20.28
0,18.56
0,17.11
0,21.48
0,20.25
0,18.12
0,17.72
28,17.9
245,18.7
501,17.07
745,17.9
959,22.28
1127,22.61
1239,23.46
1287,28.32
1267,29.31
1181,39.12
1035,47.84
839,54.95
606,57.26
352,55.04
99,47.45
0,43.15
0,38.23
0,32.06
0,23.22
0,22.53
0,28.54
0,26.15
0,25.9
0,23.93
27,22.42
243,22.5
500,23.25
744,23.02
958,26.57
1126,29.12
1238,33.71
1286,37
1267,39.85
1181,43.28
1035,45.54
839,42.6
606,46.54
352,47.12
98,41.84
0,42.63
0,38.2
0,36.48
0,33.29
0,30.5
0,24.66
0,23.25
0,21.58
0,20.85
27,20.71
241,22.57
498,25.33
742,27.78
956,31.08
1125,32.44
1238,32.06
1286,36.5
1267,37.99
1181,39.83
1035,41.68
839,39.25
605,44.43
351,44.83
98,40.91
0,38.18
0,37.21
0,34.06
0,28.7
0,26.69
0,28.72
0,26.43
0,24.98
0,24.44
26,24.34
239,25.6
496,27.23
741,30.78
955,34.47
1124,37.63
1237,40.51
1285,46.51
1266,52.35
1181,60.88
1035,52.98
839,48.15
605,53.2
351,44.01
97,48.9
0,43.91
0,27.75
0,25.88
0,35.88
0,32.98
0,27.14
0,24.53
0,22.34
0,22.06
25,22.53
237,24.09
494,27.2
739,29.83
954,31.64
1123,33.54
1236,37.15
1285,38.51
1266,40.83
1181,44.44
1035,46.53
838,49.64
605,50.62
350,49.25
97,44.02
0,40.78
0,40.1
0,36.05
0,31.63
0,28.39
0,25.74
0,23.99
0,22.63
0,21.95
24,22.58
235,23.98
493,25.89
738,23.93
952,28.94
1122,32.19
1235,32.63
1284,38.44
1265,36.91
1180,39.49
1034,43.42
838,47.8
604,59.75
349,59.36
96,47.98
0,39.58
0,36.66
0,32.82
0,23.82
0,23.72
0,23.16
0,22.71
0,22.64
0,22.37
23,22.42
233,22.7
491,23.1
736,24.01
951,30.64
1121,31.13
1235,38.32
1284,44.65
1265,50.68
1180,58.59
1034,54.87
837,45.07
604,46.5
349,44.62
95,42.75
0,39.74
0,42.1
0,33.54
0,30.97
0,27.99
0,20.08
0,19.65
0,19.46
0,18
22,16.32
230,15.39
489,20.32
734,20.63
950,21.38
1120,21.57
1234,21.88
1283,22.15
1264,22.18
1179,22.35
1034,21.86
837,21.86
603,21.89
348,21.87
94,21.24
0,21.11
0,21.11
0,16.84
0,13.62
0,14.38
0,11.56
0,11.51
0,11.49
0,11.49
21,11.6
228,11.6
487,12.04
733,12.48
948,17.95
1119,21.21
1233,21.6
1282,21.77
1264,21.77
1179,21.79
1033,22.12
836,22.21
602,22.06
347,22.01
93,22.01
0,21.97
0,21.63
0,20.58
0,20
0,19.7
0,20.63
0,20.01
0,19.96
0,19.21
20,19.94
226,20.15
485,22.37
731,21.68
947,22.29
1118,22.3
1232,22.32
1282,22.7
1263,22.59
1178,22.72
1032,22.86
836,23.02
601,23.23
346,23.28
92,23.17
0,23.57
0,22.39
0,21.54
0,20.15
0,20.45
0,19.67
0,16.41
0,16.61
0,15.2
19,14.76
224,14.48
483,19.73
729,19.72
945,20.34
1117,20.71
1231,20.65
1281,20.78
1263,20.89
1178,20.85
1032,20.61
835,20.65
600,20.84
344,21.17
91,21.35
0,21.68
0,21.12
0,20.17
0,19.92
0,19.66
0,18.01
0,13.6
0,12.43
0,11.36
18,13.21
221,15.23
481,22.75
727,22.42
944,24.88
1116,26.2
1230,24.78
1280,23.97
1262,22.92
1177,22.98
1031,22.16
834,22.15
599,22.11
343,21.9
89,22.1
0,9.15
0,7.88
0,4.08
0,3.84
0,3.54
0,3.28
0,3.54
0,3.32
0,4.08
17,4.08
219,6.15
479,17.68
726,23.17
943,23.31
1114,23.05
1229,22.99
1279,22.9
1261,22.86
1177,22.85
1030,22.66
833,22.71
598,22.68
342,23.07
88,24.1
0,24.52
0,23.94
0,23.37
0,22.72
0,22.07
0,12.83
0,13.34
0,12.4
0,6.29
16,4.08
216,8.41
476,10.51
724,18.91
941,18.91
1113,18.91
1228,18.91
1279,8.23
1261,5.67
1176,4.99
1030,4.46
832,4.08
597,11.05
340,10.59
86,13.44
0,13.43
0,14.59
0,4.08
0,3.88
0,3.58
0,23.48
0,19.04
0,18.92
0,19.17
15,19.19
214,19.83
474,32.24
722,28.69
940,32.64
1112,32.17
1227,31.75
1278,31.5
1260,26.47
1175,26.38
1029,25.57
831,26.24
596,26.41
339,32.19
85,32.63
0,42.16
0,31.85
0,23.23
0,22.91
0,11.18
0,12.41
0,11.34
0,9.2
0,8.38
14,7.66
211,10.64
472,15.27
720,23.77
938,25.97
1111,28.36
1226,27.76
1277,27.11
1259,25.35
1174,24.48
1028,24.23
830,24.44
594,29.81
337,36.21
83,33.21
0,32.5
0,28.96
0,25.84
0,22.08
0,12.95
0,18.72
0,18.28
0,15.73
0,16.12
13,17.09
209,22.11
470,33.99
718,38.06
937,37.15
1109,35.91
1225,33.18
1276,30.5
1258,28.84
1173,29.01
1027,28.98
829,26.75
593,36.51
335,45.29
81,40.37
0,34.85
0,31.46
0,28.34
0,22.95
0,20.8
0,11.53
0,10.97
0,10.57
0,10.6
13,10.6
206,11.46
468,15.58
716,15.58
935,18.99
1108,18.37
1224,20.01
1275,20.95
1258,18.19
1172,17.93
1026,17.99
827,17.66
591,19.27
333,29.92
80,29.59
0,25.11
0,20.55
0,19.06
0,14.98
0,12.75
0,23.46
0,23.63
0,25.38
0,25.56
12,27.18
204,35.1
465,55.78
714,49.75
933,40.87
1107,38.84
1223,39.98
1274,38.7
1257,37.09
1171,34.86
1025,32.28
826,32.37
589,45.89
331,68.05
78,64.4
0,54.76
0,45.43
0,38.97
0,32.16
0,27.69
0,69.35
0,55.58
0,52.76
0,52.04
11,52.82
201,79.72
463,94.14
713,100.83
932,102.4
1106,105.59
1222,104.3
1273,77.03
1256,68.43
1170,61.51
1023,58.06
824,60.5
587,96.11
329,156.72
76,153.17
0,120.7
0,111.46
0,90.91
0,78.54
0,69.39
0,53.67
0,49.05
0,51.54
0,49.79
10,57.36
198,94.22
461,104.43
711,106.91
930,105.06
1104,101.27
1221,101.08
1272,85.33
1255,71.78
1169,67.37
1022,65.62
823,71.64
586,93.13
326,134.75
74,131.7
0,124.35
0,102.97
0,83.16
0,63.07
0,42.59
0,13.79
0,10.85
0,10.53
0,10.14
9,11.24
196,14.84
458,15.61
709,14.89
929,16.95
1103,18.46
1220,18.41
1271,17.89
1254,16.85
1168,15.39
1021,15.41
821,15.49
583,18.35
324,20.59
72,21.71
0,19.9
0,18.1
0,16.35
0,15.05
0,12.44
0,22.31
0,19.86
0,19.11
0,18.64
8,19.33
193,21.04
456,20.19
707,21.71
927,23.97
1102,26.35
1219,25.57
1270,23.45
1252,22.24
1167,20.39
1019,20.62
819,19.7
581,22.63
322,28.66
70,29.78
0,24.99
0,22.33
0,22.59
0,18.46
0,18.5
0,14.79
0,11.51
0,10.82
0,11.58
8,12.63
190,12.99
453,16.8
705,16.91
925,18.89
1100,22.06
1217,23.01
1269,23.71
1251,23.38
1166,21.95
1018,20.14
818,21.16
579,23.41
319,27.21
68,29.81
0,27.35
0,26.34
0,21.64
0,20.43
0,18.44
0,15.84
0,11.56
0,9.87
0,9.9
7,9.87
187,10.62
451,12.44
703,12.61
924,14.71
1099,15.17
1216,15.66
1268,15.81
1250,15.92
1164,15.21
1016,15.22
816,15.79
577,16.04
316,21.35
65,26.32
0,23.64
0,21.42
0,18.03
0,16.44
0,14.89
0,13.21
0,10.53
0,10.24
0,10.8
6,11.01
185,11.38
449,18.04
701,18.46
922,15.17
1097,16.05
1215,15.12
1267,15.13
1249,15.02
1163,15.11
1014,15.09
814,15.18
574,15.18
313,27.79
63,31.92
0,29.1
0,26.58
0,16.35
0,14.94
0,16.37
0,12.78
0,12.83
0,11.13
0,11.09
6,11.39
182,13.19
446,15.53
698,15.57
920,17.9
1096,20.32
1214,21.22
1265,20.09
1247,18.85
1161,16.71
1012,15.65
811,15.6
572,19.01
310,26.18
61,33
0,32.44
0,27.73
0,25.8
0,18.66
0,14.55
0,22.28
0,22.21
0,21.75
0,22.61
5,22.52
179,27.62
444,35.21
696,43.38
918,40.81
1094,37.27
1212,34.92
1264,29.42
1246,29.92
1160,27.66
1011,25.9
809,25.55
569,26.55
307,27.17
59,32.64
0,40.07
0,37.26
0,32.41
0,27.3
0,22.95
0,28.36
0,26.54
0,24.27
0,23.63
4,24.96
176,27.55
441,33.85
694,37.13
917,35.2
1093,35.97
1211,32.37
1263,28.45
1245,26.86
1158,20.47
1009,18.88
807,18.61
566,18.38
304,19.28
56,23.97
0,32.11
0,15.17
0,15.22
0,14.98
0,15.31
0,25.64
0,23.22
0,22.25
0,20.46
4,21.82
173,28.36
439,33.59
692,41.51
915,41.12
1091,32.63
1209,32.19
1261,29.37
1243,24
1156,22.46
1007,21.37
804,15.33
564,15.33
301,15.44
54,32.83
0,34.67
0,35.1
0,30.46
0,24.64
0,20.29
0,13.86
0,12.86
0,12.85
0,12.86
3,13.02
170,24.19
436,27.56
690,28.94
913,30.39
1090,31.32
1208,32.26
1260,31.26
1242,30.16
1154,28.84
1005,27.52
802,26.11
561,26.64
297,27.77
52,28.29
0,30.81
0,32.51
0,29.58
0,22.91
0,21.04
0,31.05
0,27.9
0,25.62
0,25.73
3,26.3
167,27.91
434,27.69
688,29.7
911,32.47
1088,37.69
1206,38.99
1258,39.58
1240,37.99
1153,38.1
1002,35.16
799,33.15
558,37.48
294,38.19
49,39.5
0,44.82
0,48.24
0,37.75
0,30.52
0,28.88
0,35.24
0,33.87
0,32.82
0,31.62
3,33.74
164,39.51
431,52.3
686,60.16
909,55.06
1086,46.61
1205,39.1
1257,30.27
1238,28.67
1151,27.91
1000,26.69
797,25.75
554,25.34
290,31.77
47,41.19
0,32.32
0,34.45
0,27.24
0,41.82
0,36.28
0,31.57
0,29.26
0,27.71
0,27.14
2,28.06
161,28.9
428,30.58
684,29.11
907,32.24
1085,32.7
1203,31.69
1255,30.58
1237,28.6
1149,28.13
998,26.97
794,26.93
551,27.67
287,28.77
44,31.6
0,37.63
0,43.36
0,36.69
0,30.26
0,28.82
0,15.72
0,15.74
0,15.72
0,15.74
2,15.78
158,15.8
426,15.67
681,20.89
906,15.77
1083,20.86
1202,20.87
1254,25.95
1235,27.42
1147,27.42
995,26.41
791,27.26
548,29.31
283,28.62
42,26.02
0,26.1
0,18.86
0,6.34
0,3.57
0,8.15
0,16.38
0,15.88
0,14.22
0,13.36
1,14.22
155,17.22
423,25.56
679,16.91
904,23.91
1081,19.44
1200,20.4
1252,17.71
1233,17.71
1145,17.3
993,17.07
788,17.09
544,28.23
279,27.5
40,25.84
0,22.33
0,17.53
0,16.98
0,15.66
0,15.86
0,22.21
0,18.58
0,15.91
0,14.94
1,14.4
152,16.69
421,19.43
677,20.49
902,21.03
1080,21.56
1199,24.68
1250,23.84
1231,21.4
1142,21.36
990,21.3
785,19.23
541,21.63
275,22
37,21.8
0,22.08
0,23.63
0,25.21
0,20.49
0,19.32
0,15.95
0,11.07
0,12.06
0,11.82
1,12.97
149,12.71
418,13.99
675,13.36
900,15.85
1078,16.61
1197,17.8
1248,18.98
1229,19.14
1140,20.49
987,21.04
782,18.98
537,23.18
271,20.73
35,19.89
0,18.99
0,18.64
0,18.68
0,15.34
0,15.47
0,30.08
0,25.79
0,24.24
0,21.83
1,21.92
146,24.14
415,28.19
672,3.52
898,10.61
1076,12.94
1195,18.17
1247,8.75
1227,18.39
1138,19.39
985,25.38
778,29.23
533,29.31
266,33.28
33,19.16
0,18.48
0,11.54
0,3.54
0,3.54
0,3.54
0,10.62
0,12.41
0,12.49
0,9.53
0,7.06
143,6.68
413,12.22
670,6.68
896,11.38
1074,6.68
1193,6.68
1245,6.68
1225,6.68
1135,14.77
982,12.94
775,17.78
529,18.22
262,18.21
31,17.72
0,17.41
0,6.68
0,13.08
0,6.68
0,6.68
0,27.11
0,24.73
0,23.52
0,22.06
0,21.18
140,21.05
410,20.75
668,20.08
894,23.15
1072,27.38
1191,31.15
1243,33.29
1223,36.89
1133,38.99
979,41.42
772,41.48
525,48.86
257,51.3
28,49.61
0,44.59
0,41.81
0,37.88
0,31.17
0,28.45
0,24.89
0,20.12
0,19
0,17.68
0,18.31
137,19.5
407,24.97
666,26.04
892,29.02
1071,31.13
1190,32.96
1241,38.67
1220,40.45
1130,42.62
976,44.9
768,44.91
521,48.49
253,48.3
26,42.41
0,40.58
0,37.71
0,32.87
0,26.96
0,24.54
0,24.88
0,23.6
0,22.13
0,21.63
0,21.64
134,22.71
405,25.03
663,27.47
890,29.51
1069,32.29
1188,33.81
1239,35.94
1218,38.6
1127,40.75
973,44.03
764,46.84
517,50.06
248,50.12
24,42.77
0,39.4
0,38.28
0,35.57
0,30.48
0,27.66
0,27.85
0,22.87
0,21.65
0,21.58
0,21.65
131,22.3
402,24.59
661,27.79
888,30.19
1067,33.19
1186,37.56
1237,41.27
1216,42.53
1125,45.6
969,44.48
761,40.91
513,42.4
243,41.81
22,42.13
0,39.73
0,39.28
0,35.9
0,31.81
0,29.28
0,19.41
0,19.36
0,19.21
0,19.21
0,19.41
128,19.38
399,20.24
658,21.31
886,21.35
1065,21.22
1184,21.54
1234,21.66
1213,21.63
1122,22.6
966,22.91
757,22.73
508,24.47
239,24.18
20,38.4
0,41.78
0,39.43
0,33.28
0,30.58
0,26.22
0,10.67
0,10.22
0,9.99
0,9.93
0,8.55
125,7.11
396,10.77
656,10.93
883,10.9
1063,9.88
1182,11.35
1232,11.48
1211,11.62
1119,11.77
963,12.07
753,12.02
504,12.11
234,11.85
18,11.66
0,11.59
0,11.58
0,8.49
0,7.69
0,7.69
0,19.61
0,16.57
0,15.56
0,15.52
0,15.53
122,18.72
394,20.32
654,20.47
881,22.65
1061,22
1180,22.14
1230,22.17
1208,22.14
1116,22.19
959,22.16
749,22.09
499,22.05
229,22.14
16,21.87
0,22.07
0,21.33
0,20.29
0,16.46
0,16.41
0,20.16
0,19.86
0,19.81
0,19.55
0,19.46
119,18.72
391,19.83
651,20.17
879,20.54
1058,21.26
1177,21.15
1228,21.36
1205,22.05
1113,21.56
956,21.57
745,21.54
495,21.23
224,21.67
15,21.88
0,22.07
0,21.18
0,20.74
0,20.96
0,19.27
0,22.42
0,14.23
0,14.05
0,14.03
0,14.43
116,14.69
388,25.94
649,27.72
877,27.5
1056,44.04
1175,42.75
1225,39.36
1203,24.76
1110,23.47
952,23.22
741,23.12
490,23.45
218,44.77
13,28.36
0,41.2
0,27.67
0,26.86
0,23.46
0,22.98
0,27.87
0,25.62
0,25.31
0,24.41
0,23.53
113,23.46
385,26.94
646,24.28
874,29.2
1054,30.74
1173,32.24
1223,33.94
1200,32.64
1106,30.62
948,29.36
736,29.46
485,32.24
213,40.86
11,47.08
0,44.88
0,39.47
0,33.93
0,29.3
0,26.61
0,31.31
0,26.39
0,22.69
0,22.45
0,22.54
110,28.07
383,34.88
644,34.3
872,35.19
1052,37.35
1171,38.46
1220,37.41
1197,36.63
1103,37.11
944,35.62
732,37.41
480,41.31
208,53.77
10,50.25
0,44.61
0,41.07
0,32.91
0,30.81
0,28.76
0,34.75
0,32.76
0,31.16
0,24.92
0,25.78
108,34.06
380,34.59
641,36.3
870,37.27
1050,38.53
1168,38.4
1217,37.97
1194,37.37
1099,36.99
940,35.38
727,35.78
475,40.57
202,45.76
8,43.74
0,39.24
0,36.22
0,35.13
0,32.77
0,22.72
0,21.64
0,18.8
0,17.65
0,16.3
0,17.51
105,24.25
377,35.55
639,36.46
868,35.93
1047,34.31
1166,35.82
1215,33.75
1191,31.45
1096,31.86
936,32.59
723,31.59
470,44.39
197,58.05
7,52.98
0,46.88
0,37.75
0,34.71
0,33.42
0,18.95
0,17.9
0,17.96
0,17.96
0,17.96
0,17.33
102,23.32
374,42.44
636,52.6
865,44.62
1045,42.54
1163,38.33
1212,31.94
1188,30.9
1092,29.48
932,29.41
718,29.31
465,47.18
191,57.56
6,53.27
0,43.21
0,38.55
0,31.99
0,32.96
0,19.36
0,10.15
0,9.65
0,10.11
0,9.67
0,11.3
99,12.68
371,20.44
634,23.71
863,28.41
1043,28.41
1161,27.86
1209,27.62
1185,23.63
1089,23.51
928,23.04
713,22.15
460,29.02
185,35.33
5,36.01
0,33.74
0,29.6
0,28.18
0,24.89
0,17.71
0,76.72
0,88.54
0,78.89
0,57.12
0,71.86
97,105.68
368,174.06
631,198.44
860,183.85
1040,158.21
1158,179.18
1206,89
1181,87.49
1085,84.03
924,76.9
708,89.94
454,163.59
180,212.51
4,206.13
0,166.78
0,142.9
0,81.39
0,55.52
0,36.67
0,33.25
0,33.9
0,32.02
0,30.34
0,31.07
94,39.13
365,50.98
628,41.34
858,39.97
1038,37.09
1155,36.96
1203,37.19
1178,30.17
1081,29.83
919,28.05
704,27.96
449,31
174,37.88
3,35.45
0,30.7
0,26.79
0,24.48
0,20.92
0,18.88
0,34.99
0,33.36
0,35
0,35.52
0,36.43
91,42.21
362,66.14
626,65.68
855,57.16
1035,49.66
1153,44.81
1200,43.06
1175,39.08
1077,35.21
915,33.57
699,35.37
443,44.6
168,55.96
2,56.22
0,51.19
0,41.67
0,34.28
0,27.54
0,24.55
0,25.62
0,24.53
0,23.78
0,23.42
0,23.63
89,24.11
360,25.83
623,25.67
853,26.72
1032,29.1
1150,29.01
1197,28.52
1171,26.9
1073,25.46
910,24.92
693,24.84
438,26.33
162,30.73
1,31.88
0,29.23
0,27.34
0,26.09
0,24.1
0,22.71
0,19.76
0,17.69
0,16.59
0,16.58
0,17.2
86,19.38
357,24.55
620,25.5
850,27.08
1030,27.14
1147,27.37
1194,27.24
1168,26
1069,25.9
906,25.29
688,24.89
432,27.29
156,33.67
1,35.48
0,32.57
0,29.4
0,26.57
0,23.54
0,22.25
0,10.28
0,9.03
0,8.9
0,9.27
0,10.25
84,11.69
354,22.71
618,22.18
847,26.29
1027,25.96
1144,26.53
1191,25.96
1164,22.19
1065,15.4
901,15.39
683,15.19
426,15.23
150,15.15
0,26.25
0,24.69
0,20.07
0,19.98
0,15.33
0,13.55
0,17.32
0,16.19
0,15.41
0,15.44
0,15.36
81,12.99
351,22.5
615,24.89
845,23.14
1024,21.54
1141,22.44
1188,16.24
1160,15.5
1061,14.44
896,14.4
678,14.43
420,15.27
144,18.63
0,18.75
0,17.04
0,14.63
0,13.01
0,12.6
0,10.53
0,23.91
0,22.5
0,21.73
0,21.62
0,21.09
79,23.13
348,27.15
612,34.74
842,32.48
1022,33.06
1138,32.42
1184,31.51
1156,28.29
1057,28.2
891,26.69
672,26
414,26.79
138,28.9
0,34.39
0,39.72
0,36.14
0,25.68
0,22.39
0,20.78
0,17.94
0,16.59
0,15.76
0,16.71
0,16.85
76,19.73
345,29.13
609,33.05
839,32.36
1019,32.19
1135,31.05
1181,28.97
1153,28.4
1052,28.01
886,24.99
667,22.89
408,25.03
132,26.69
0,29.12
0,35.77
0,33.08
0,26.42
0,21.23
0,19.55
0,16.8
0,15.52
0,15.32
0,15.4
0,15.25
74,17.85
342,26.09
606,33.97
836,34.49
1016,35.5
1132,32.62
1177,27.02
1149,26.25
1048,24.33
881,22.84
661,20.55
402,21.11
125,20.34
0,26.17
0,34.16
0,29.71
0,25.25
0,21.52
0,19.44
0,17.17
0,15.77
0,13.86
0,13.71
0,14.05
72,16.53
338,18.31
603,19.67
834,23.2
1013,23.49
1129,23.31
1174,20.53
1145,17.92
1043,15.44
876,16.04
656,14.91
396,15.32
119,16.71
0,16.67
0,21.25
0,19.32
0,13.75
0,12.82
0,11.94
0,8.48
0,8.92
0,9.52
0,8.75
0,9.26
69,13.02
335,15.43
600,22.18
831,25.39
1010,26.65
1126,27.08
1170,16.58
1141,15.11
1039,15.02
871,14.02
650,7.7
390,7.72
114,7.89
0,7.92
0,7.7
0,7.7
0,7.7
0,3.52
0,11.58
0,19.15
0,16.97
0,16.9
0,16.21
0,17.16
67,19.54
332,24.09
598,29.13
828,30.67
1007,32.96
1122,31.46
1167,30.18
1136,28
1034,26.72
866,25.88
644,25.55
384,26.2
108,27.36
0,27.47
0,28.63
0,30.87
0,28
0,23.2
0,23.01
0,19.41
0,15.92
0,14.2
0,13.48
0,14.35
65,17.03
329,21.58
595,15.63
825,15.61
1004,23.78
1119,22.19
1163,28.46
1132,25.41
1029,22.53
861,23.68
638,25.33
378,25.42
102,18.52
0,18.57
0,15.45
0,17.02
0,15.17
0,12.12
0,10.82
0,16.56
0,16.9
0,15.7
0,15.68
0,17.6
63,5.62
326,7.94
592,26.95
822,27.55
1000,25.31
1116,16.2
1159,15.55
1128,15.51
1024,15.46
855,15.31
633,14.86
371,15.25
97,15.27
0,15.21
0,15.27
0,15.43
0,15.33
0,14.07
0,13.78
0,0
0,0
0,0
0,2.03
0,0
60,1.87
323,0.76
588,0.72
819,1.41
997,1.41
1112,1.41
1155,0.42
1124,0.18
1019,0.03
850,-0.14
627,-0.17
365,-0.3
91,-0.27
0,0
0,0.16
0,-0.06
0,0.18
0,0.49
0,0.8
0,17.72
0,17.44
0,16.32
0,15.32
0,15.21
58,15.21
320,17.29
585,17.46
815,20.86
994,23.58
1108,15.57
1151,15.62
1119,27.73
1014,26.41
844,26.01
621,27.87
359,30.18
86,31.8
0,30.22
0,27.96
0,27.68
0,23.15
0,22.03
0,16.83
0,16.17
0,14.86
0,12.88
0,12.69
0,12.62
56,12.56
316,12.66
582,15.06
812,19.32
991,20.57
1105,21.79
1147,24.08
1115,26.07
1009,26.86
839,27.16
615,31.17
352,32.43
81,32.06
0,32.63
0,29.42
0,28.46
0,23.15
0,17.12
0,16.52
0,13.57
0,15.53
0,15.14
0,15.12
0,15.14
54,15.33
313,16.91
579,22.73
809,26.15
987,28.38
1101,31.17
1143,34.6
1110,38.04
1004,42.16
833,45.45
608,40.68
346,41.52
76,37.63
0,41.84
0,34.56
0,33.9
0,32.74
0,27.23
0,22.03
0,28.37
0,26.57
0,25.38
0,24.76
0,24.65
52,25.71
310,28.02
576,29.64
806,33.35
984,35.67
1097,37.88
1139,40.86
1105,44.41
999,48.9
828,47.44
602,45.72
339,41.16
71,43.4
0,43.09
0,38.76
0,38.66
0,34.78
0,29.99
0,27.87
0,24.89
0,22.45
0,20.86
0,20.73
0,20.53
50,20.45
307,21.34
573,22.69
803,23.84
980,25.95
1093,28.17
1135,31
1101,32.25
994,34.39
822,35.47
596,37.1
332,39.55
67,39.41
0,35.28
0,32.11
0,31.94
0,29.55
0,25.26
0,23.99
0,21.36
0,19.43
0,18.04
0,17.66
0,17.36
48,17.67
303,18.89
569,19.81
799,20.78
977,23.1
1090,23.99
1130,27.16
1096,28.88
989,30.58
816,31.64
590,33.56
326,36.33
62,38.6
0,35.55
0,33.79
0,33.09
0,30.88
0,26.44
0,24.06
0,27.48
0,24.54
0,23.05
0,22.85
0,22.64
46,19.41
300,19.48
566,19.76
796,19.88
973,20.21
1086,20.47
1126,20.79
1091,20.91
983,21.51
810,21.51
584,21.49
319,21.5
58,21.49
0,21.54
0,21.48
0,21.49
0,20.67
0,20.24
0,19.91
0,26.14
0,23.57
0,22.28
0,21.89
0,22.36
44,23.22
297,26.37
563,28.01
792,30.6
969,32.69
1082,35.73
1121,38.44
1086,40.15
978,43.08
804,45.99
577,47.8
313,50.5
53,50.72
0,43.05
0,35.2
0,39.29
0,36.2
0,30.72
0,27.9
0,22.8
0,21.17
0,20.77
0,19.85
0,20.39
42,21.18
293,22.44
559,24.25
789,27.05
966,30.43
1078,31.64
1117,33.6
1081,35.61
972,37.35
798,38.26
571,39.45
306,40.89
49,40.85
0,37.44
0,35.66
0,34.67
0,31.39
0,27.74
0,25.01
0,19.55
0,18.64
0,19.88
0,18.8
0,18.88
40,20.86
290,21.79
556,7.52
785,7.94
962,8.7
1073,9.75
1112,10.26
1076,11.25
967,11.77
792,12.33
565,12.74
299,13.25
45,13.24
0,18.53
0,21.08
0,21.15
0,21.25
0,21.2
0,19.48
0,20.04
0,19.16
0,18.87
0,17.7
0,17.9
39,17.02
286,18.45
552,20
782,22.11
958,23.22
1069,24.17
1108,25.66
1071,26.34
961,27.94
786,28.95
558,31.07
292,32.02
42,32.49
0,28.93
0,27.91
0,28.22
0,25.48
0,23.49
0,20.96
0,30.24
0,28.73
0,26.64
0,24.59
0,25.67
37,28.51
283,30.94
549,33.07
778,35.28
954,39.3
1065,40.64
1103,44
1066,46.84
956,53.78
780,61.63
552,58.48
286,74.85
38,65.89
0,51.48
0,46.74
0,43.52
0,39.24
0,29.99
0,27.9
0,28.51
0,25.93
0,24.62
0,23.41
0,23.36
35,11.24
279,17.61
545,17.33
774,20.81
950,21.44
1061,21.21
1098,21.61
1061,21.7
950,21.65
774,21.6
545,21.53
279,21.62
35,22.84
0,20.89
0,22.34
0,21.73
0,21.52
0,17.02
0,17.33
0,15.4
0,13.46
0,13.24
0,13.13
0,13.08
33,11.84
276,15.01
542,17.08
770,19.6
946,19.72
1056,19.78
1094,19.93
1055,19.9
944,20.07
768,19.83
539,19.86
272,20.06
31,20.36
0,20.48
0,20.68
0,20.54
0,17.33
0,12.87
0,11.84
0,13.07
0,14.43
0,12.87
0,11.59
0,11.13
32,11.14
272,11.84
538,11.84
767,12.87
942,12.87
1052,14.95
1089,14.95
1050,14.95
939,12.87
762,12.13
532,14.95
265,12.87
28,17.64
0,20.92
0,21
0,20.99
0,13.91
0,12.87
0,19.39
0,19.89
0,17.85
0,15.96
0,15.07
0,16.72
30,19.82
269,21.2
534,20.88
763,21.1
938,21.95
1047,22.28
1084,22.31
1045,22.47
933,22.55
756,22.59
526,22.29
259,22.74
25,22.74
0,22.81
0,23.69
0,22.65
0,22.17
0,20.83
0,20.57
0,20.38
0,21.98
0,17.32
0,17.58
0,18.21
28,21.79
265,28.33
531,22
759,28.68
934,34.33
1043,40.82
1079,39.2
1039,41.48
927,40.77
750,45.28
519,46.13
252,50.12
23,51.9
0,48.68
0,48.01
0,39.94
0,29.15
0,24.97
0,22.44
0,17.61
0,22.2
0,22.17
0,22.19
0,22.22
27,22.52
261,23.49
527,26.44
755,23.94
929,25.58
1038,25.57
1074,25.36
1034,23.42
921,23.36
743,23.31
513,25.02
245,25.23
20,25.76
0,26.77
0,26.73
0,25.83
0,23.75
0,23.62
0,16.77
0,16
0,16.97
0,15.77
0,16.48
0,16.94
25,17.43
258,19.75
523,22.43
751,23.48
925,23.83
1034,23.86
1069,23.42
1028,22.9
915,22.45
737,22.56
506,22.39
239,23
18,24.16
0,31.59
0,29.72
0,31.6
0,29.87
0,29.87
0,26.14
0,25.2
0,23.54
0,20.01
0,20.02
0,20.06
24,26.03
254,43.22
519,46.85
747,52.62
921,48.17
1029,42.3
1064,45.73
1023,37.76
909,33.4
731,29.81
499,33.98
232,56.42
16,75.09
0,68.16
0,52.95
0,46.14
0,38.62
0,30.44
0,19.94
0,29.34
0,29.49
0,34.38
0,29.9
0,29.83
22,33.15
250,40.06
515,40.69
743,37.02
916,41.11
1024,44.39
1059,43.13
1017,38.42
903,35.52
724,32.92
493,31.64
225,36.75
13,49.97
0,51.96
0,47.22
0,44.53
0,38.95
0,39.74
0,35.36
0,11.18
0,11.71
0,11.92
0,11.93
0,12.8
21,17.51
246,28
511,31.57
739,30.09
912,31.01
1019,30.89
1053,28.63
1012,27.07
897,27.14
718,27.07
486,28.19
219,33.93
11,43.88
0,40
0,37.16
0,34.53
0,31.84
0,27.67
0,21.44
0,18.26
0,16.73
0,15.87
0,15.45
0,15.83
20,18.56
243,22.82
507,24.51
734,27.8
907,28.43
1014,26.4
1048,25.67
1006,22.72
891,22.94
712,22.6
480,22.41
212,27.37
10,34.36
0,33.52
0,28.1
0,26.58
0,22.88
0,20.54
0,17.14
0,12.91
0,12.75
0,12.44
0,11.79
0,13.04
18,20.62
239,34.45
503,27.45
730,27.28
903,25.04
1009,26.2
1043,24.36
1001,25.27
885,26.4
706,26.91
473,32.54
205,48.9
8,75.68
0,68.86
0,71.49
0,49.29
0,45.16
0,31.91
0,24.7
0,70.32
0,60.23
0,54.34
0,53.18
0,54.87
17,73.07
235,89.72
499,71.72
726,99.42
898,141.44
1005,147.9
1037,93.48
995,89.21
879,58.43
699,59.75
467,82.04
199,110.24
7,175.12
0,157.41
0,135.02
0,121.16
0,95.97
0,62.88
0,56.59
0,14.03
0,11.38
0,11.95
0,13.05
0,12.67
16,14.9
231,14.67
495,14.34
722,12.78
894,8.36
1000,12.81
1032,12.55
989,12.77
873,14.47
693,14.5
460,14.62
192,13.35
5,47.76
0,42.77
0,40.38
0,36.95
0,34.81
0,29.45
0,26.23
0,14.53
0,12.41
0,12.51
0,11.64
0,11.76
14,13.79
227,15.5
491,17.27
717,20.29
889,22.02
995,22.64
1027,23.44
983,21.76
867,20.27
687,20.46
454,23.47
186,28.17
4,39.33
0,40.58
0,35.07
0,32.36
0,29.44
0,25.51
0,23.36
0,25.97
0,24.9
0,22.78
0,23.37
0,23.4
13,27.58
223,36.08
487,37.42
713,36.09
884,36.89
989,37.83
1021,36.99
978,36.6
861,35.27
680,33.17
447,33.02
179,38.65
3,47.69
0,48.43
0,42.56
0,38.24
0,33.96
0,31.46
0,27.02
0,28.18
0,28.6
0,28.85
0,29.33
0,29.68
12,28.71
219,30.15
483,22.2
708,21.55
879,22.67
984,23.3
1016,19.44
972,16.97
855,17.09
674,17.1
441,17.15
173,21.41
2,22.66
0,23.67
0,35.59
0,30.86
0,27.27
0,30.16
0,29.07
0,25.38
0,22.28
0,22.02
0,22.09
0,24.16
11,28.42
215,37.25
478,39.03
704,34.57
875,33.67
979,32.61
1010,30.12
966,27.82
849,27.54
668,25.98
434,25.87
167,28.21
2,35.22
0,37.79
0,33.6
0,31.23
0,27.78
0,24.05
0,22.41
0,18.57
0,15.53
0,14.6
0,14.73
0,14.6
10,17.44
211,16.95
474,13.91
699,15.08
870,15.14
974,15.6
1005,15.15
960,15.08
843,15.46
661,15.2
428,15.37
160,17.82
1,26.04
0,30.24
0,26.86
0,23.42
0,19.72
0,16.26
0,15.64
0,27.76
0,24.51
0,22.97
0,22.75
0,22.68
9,25.93
207,25.18
470,25.39
695,27.06
865,28.5
969,27.8
999,23.97
954,22.82
837,21.03
655,19.04
422,18.06
154,20.67
1,24.76
0,26.83
0,35.68
0,34.11
0,31.26
0,27.12
0,22
0,16.6
0,14.41
0,12.89
0,16.81
0,17.47
8,22.4
203,28.68
465,32.21
690,32.84
860,30.29
964,28.8
994,27.02
949,26.59
831,25.36
649,24.7
415,24.25
148,25.02
0,26.14
0,28.68
0,33.09
0,29.11
0,25.64
0,22.82
0,20.18
0,12.82
0,11.4
0,10.99
0,11
0,10.94
7,10.73
199,28.49
461,31.69
685,14.9
855,14.95
958,15.03
988,14.9
943,15.04
825,15.14
643,15.1
409,12.94
142,12.94
0,14.98
0,14.99
0,14.72
0,32.72
0,25.37
0,21.84
0,19.74
0,35.32
0,32.09
0,32.02
0,32.37
0,32.43
6,36.03
195,37.22
457,41.55
681,44.27
850,45.25
953,41.07
983,38.72
937,36.63
819,30.95
637,30
403,30.61
136,31.49
0,33.88
0,35.96
0,42.15
0,46.18
0,40.27
0,36.64
0,33.3
0,27.56
0,26.14
0,25.03
0,25.67
0,26.8
6,28.66
190,32.5
452,29.3
676,32.44
845,33.49
948,32.44
977,30.03
931,20.68
813,19.09
631,19.07
397,19.07
130,20.67
0,20.71
0,32.61
0,38.63
0,41.39
0,33.2
0,27.33
0,26.07
0,20.94
0,18.83
0,17.92
0,17.21
0,18.32
5,20.37
186,25.06
448,28.9
671,32.49
840,33.16
942,29.75
971,29.1
925,27.17
807,26.07
624,25.38
391,24.39
124,24.58
0,27.87
0,29.12
0,31.22
0,33.15
0,28.42
0,23.14
0,22.52
0,3.67
0,3.62
0,6.89
0,7.38
0,7.29
4,6.08
182,16.94
443,18.76
666,17.83
835,24.21
937,28.96
966,29.59
919,29.59
801,29.59
618,29.59
385,38.71
119,42.17
0,43.83
0,38.54
0,39.74
0,38.77
0,32.53
0,17.25
0,16.96
0,19.09
0,18
0,16.14
0,15.74
0,15.87
3,17.04
178,23.17
439,15.47
661,15.52
830,15.47
932,15.48
960,15.47
914,15.28
795,14.17
612,14.06
379,13.86
114,14.21
0,15.63
0,15.86
0,16.95
0,16.87
0,15.76
0,12.29
0,14.86
0,15.82
0,15.76
0,15.79
0,15.73
0,15.78
3,15.85
174,24.16
434,21.19
657,27.1
824,24.84
926,26.82
955,26.91
908,25.96
789,15.62
606,26.95
373,27.87
109,16.68
0,21.12
0,28.1
0,16.59
0,27.73
0,19.02
0,16.17
0,19.28
0,3.58
0,9.49
0,10.62
0,11.18
0,11.26
2,11.21
169,14.22
429,15.51
652,15.61
819,15.47
921,15.96
949,20.63
902,15.42
783,15.48
601,20.31
367,18.09
104,29.43
0,29.72
0,28.52
0,28.14
0,29.3
0,27.41
0,22.36
0,21.36
0,3.07
0,3.06
0,3.07
0,3.08
0,3.09
2,3.12
165,3.35
425,3.43
647,5.03
814,5.03
915,3.89
943,3.94
896,3.97
777,3.81
595,3.03
361,3.84
99,0
0,0
0,13.68
0,13.54
0,13.59
0,12.83
0,11.95
0,10.67
0,13.39
0,12.61
0,11.31
0,11.31
0,11.28
1,11.29
161,12.84
420,13.15
642,13.88
809,14.88
910,15.12
938,15.25
891,15.3
772,15.31
589,15.4
355,15.35
94,16.14
0,16.48
0,16.39
0,16.16
0,16.51
0,15.84
0,14.5
0,14.02
0,23.18
0,21.4
0,19.89
0,17.79
0,17.79
1,17.7
156,25.08
415,18.24
637,18.24
804,18.24
904,18.67
932,19.25
885,22.38
766,20.62
583,20.82
350,26.41
90,32.42
0,37.29
0,42.37
0,38.73
0,39.82
0,43.63
0,35.82
0,31.32
0,22.46
0,18.48
0,18.07
0,18.98
0,18.52
1,19.06
152,20.81
411,22.57
632,27.77
798,32.28
899,33.4
927,39.07
879,44.09
760,48.26
578,51.46
344,59.4
86,66.71
0,65.59
0,55.48
0,48.55
0,45.66
0,41.82
0,36.32
0,31.02
0,22.16
0,18.59
0,16.46
0,15.67
0,15.93
0,18.14
148,20.85
406,22.55
627,24.87
793,25.9
894,28.06
921,30.41
874,31.51
755,34.28
572,37.26
339,37.78
82,39.76
0,42.48
0,37.52
0,33.9
0,32.39
0,31.09
0,26.22
0,23.61
0,27.99
0,26.17
0,24.7
0,24
0,23.62
0,24.22
143,26.35
401,30.34
622,33.89
788,36.92
888,40.21
915,44.15
868,47.18
749,53.96
567,58.42
334,64.02
78,66.77
0,56.24
0,54.17
0,45.89
0,44.31
0,40.48
0,35.49
0,31.85
0,23.63
0,19.77
0,17.38
0,17.21
0,17.92
0,18.1
139,21.31
396,23.05
617,25.48
783,26.82
883,29.79
910,31.04
862,33.65
743,36.5
561,38.96
328,41.66
74,44.86
0,45.77
0,39.34
0,35.49
0,33.06
0,30.93
0,26.44
0,24.47
0,21.39
0,18.81
0,16.94
0,16.96
0,16.96
0,16.96
134,17.25
391,16.97
612,19.91
778,20.36
877,21.96
904,24.56
857,26.21
738,26.85
556,27.32
323,29.83
71,31.73
0,33.95
0,33.56
0,31.62
0,30.08
0,28.47
0,24.32
0,23.63
0,27.81
0,25.78
0,23.3
0,22.21
0,22.19
0,23.8
130,26.77
387,29.58
607,31.36
772,33.66
872,35.85
899,40.43
851,42.77
733,44.09
550,48.23
318,44.53
67,46.61
0,46.4
0,42.01
0,38.74
0,36.75
0,34
0,29.4
0,27.52
0,29.3
0,27.29
0,24.14
0,23.6
0,23.79
0,25.33
126,27.3
382,29.63
602,32.8
767,34.71
867,38.14
894,42.63
846,44.79
727,47.65
545,46.36
313,47.21
64,45.39
0,40.97
0,46.14
0,43.35
0,41.7
0,37.79
0,32.45
0,29.71
0,26.13
0,21.86
0,21.89
0,20.86
0,20.03
0,20.9
121,22.48
377,23.68
597,26.17
762,28.41
861,30.06
888,32.94
841,33.58
722,35.84
540,37.58
308,37.75
61,39.06
0,39.37
0,35.76
0,34.1
0,33.18
0,27.28
0,26.11
0,25.4
0,24.95
0,22.16
0,21.79
0,21.51
0,21.6
0,19.74
117,21.54
372,19.07
591,20.7
757,21.04
856,20.69
883,21.44
835,21.31
717,21.44
535,21.2
303,21.1
58,21.06
0,21.12
0,21.34
0,21.37
0,21.35
0,17.02
0,11.46
0,14.95
0,21.04
0,18.84
0,16.48
0,15.63
0,15.39
0,15.63
113,17.05
367,19.68
586,19.96
751,20.08
851,20.22
878,20.35
830,20.37
712,20.42
530,20.42
299,20.55
55,20.77
0,21.55
0,21.04
0,21.83
0,21.21
0,20.72
0,19.82
0,19.69
0,17.31
0,15.1
0,15.08
0,14.65
0,14.9
0,14.85
109,16.37
362,17.65
581,21.07
746,20.79
845,20.35
872,20.3
825,20.79
707,20.35
525,20.54
294,20.5
53,21.59
0,21.57
0,21.54
0,21.72
0,21.48
0,21.46
0,20.11
0,19.21
0,20.02
0,18.2
0,15.7
0,14.27
0,14.68
0,16.58
105,20.35
358,20.32
576,8.39
741,5.87
840,9.71
867,5.11
820,9.89
702,9.8
521,4.67
290,9.98
50,18.65
0,22.14
0,22.07
0,22.5
0,21.66
0,20.65
0,20.18
0,20.07
0,20.2
0,18.05
0,17.74
0,17.61
0,17.67
0,19.72
101,22.17
353,22.17
571,22.01
736,21.91
835,22.22
862,22.11
815,22.09
697,22.25
516,22.09
286,22.09
48,22.28
0,22.26
0,29.74
0,29.74
0,29.74
0,24.43
0,22.23
0,22.19
0,3.65
0,3.43
0,3.42
0,3.4
0,3.37
0,3.44
97,3.68
348,3.76
566,3.88
731,4.27
830,6.17
857,6.17
810,8.23
692,11.22
512,11.74
281,11.75
45,12.83
0,15.63
0,16.35
0,16.57
0,15.91
0,15.51
0,15.16
0,12.33
0,26.15
0,25.57
0,22.48
0,22.5
0,22.48
0,23.89
93,28.74
343,27.42
561,26.18
726,26.29
825,25.29
852,26.1
805,26.47
687,26.38
507,25.57
277,26.82
43,24.94
0,25.73
0,34.69
0,34.92
0,30.84
0,29.74
0,28.33
0,24.64
0,28.8
0,26.98
0,26.43
0,25.84
0,25.53
0,30.21
89,37.57
338,40.77
556,40.7
721,44.08
820,39.05
847,39.45
800,36.54
683,34.68
503,32.71
273,37.32
41,40.28
0,50.98
0,48.94
0,40.87
0,36.39
0,33.79
0,30.83
0,29.57
0,31.83
0,30.57
0,30.38
0,28.89
0,29.75
0,40.8
86,63.72
333,69.36
551,68.6
716,60.57
815,52.19
842,52.07
795,49.59
678,46.58
499,43.56
270,43.25
39,62.02
0,87.33
0,70.18
0,58.53
0,50.29
0,40.11
0,33.06
0,32.78
0,20.07
0,20.09
0,19.79
0,19.71
0,20.06
0,20.02
82,22.41
329,22.58
546,24.73
711,24.98
810,25.54
837,25.28
791,23.83
674,23.31
495,23.13
266,23.16
37,26.44
0,34.17
0,33.57
0,26.48
0,24.17
0,21.88
0,20.06
0,19.24
0,12.14
0,11.74
0,9.98
0,9.87
0,9.72
0,11.56
79,15.73
324,19.25
541,22.4
706,24.93
805,25.69
832,25.37
786,24.3
670,23.73
491,22.63
262,22.28
36,30.09
0,38.53
0,37.3
0,34.9
0,32.58
0,27.15
0,22.29
0,14.9
0,6.42
0,6.42
0,6.43
0,6.43
0,6.41
0,7.42
75,13.74
319,18.32
537,14.51
701,14.55
800,14.57
828,14.95
782,14.96
666,14.97
487,16.19
259,16.88
34,21.65
0,18.58
0,18.33
0,25.29
0,22.94
0,18.98
0,12.93
0,8.52
0,7.46
0,6.97
0,6.61
0,7.48
0,7.48
0,10.64
72,22.91
314,25.95
532,25.29
696,22.99
795,25.26
823,23.19
778,23.54
662,24.4
483,23.98
256,23.19
33,28.68
0,41.86
0,40.77
0,35.86
0,32.99
0,27.98
0,23.01
0,18.6
0,132.28
0,119.08
0,112.9
0,119.11
0,130.65
0,162.54
68,205.22
310,232.91
527,235.36
691,227.5
791,211.85
819,196.99
773,188.49
658,180.96
480,170.32
252,179.96
31,185.45
0,243.95
0,260.36
0,249.22
0,197.83
0,198.48
0,186.93
0,167.35
0,137.3
0,122.57
0,110.57
0,122.78
0,124.7
0,145.67
65,164.58
305,184.93
522,214.62
686,258.14
786,239.82
814,187.38
769,156.43
654,148.93
476,143.86
249,144.76
30,186.46
0,290.61
0,296.95
0,255.99
0,178.02
0,183.87
0,149.83
0,151.38
0,27.9
0,23.36
0,23.93
0,23.71
0,23.27
0,36.99
62,59.01
300,51.93
517,66.11
681,54.94
781,55.71
810,47.59
765,44.01
650,43.03
473,42.66
246,41.14
29,62.5
0,105.4
0,120.11
0,108.22
0,81.91
0,82.17
0,70.94
0,48.17
0,36.48
0,33.56
0,33.73
0,33.37
0,33.44
0,45.32
59,52.39
296,54.8
513,51.26
677,50.4
777,52.48
806,44.23
761,42.25
647,40.68
470,35.49
244,34.25
28,45.77
0,48.47
0,44.79
0,37.51
0,35.84
0,33.63
0,31.59
0,31.46
0,36.08
0,31.63
0,31.75
0,32.45
0,31.78
0,49.66
56,44.18
291,53.29
508,55.83
672,59.58
772,62.35
801,46.76
757,38.02
643,34.35
467,35.33
241,35.86
27,54.63
0,98.44
0,87.83
0,94.8
0,81.55
0,73.51
0,59.74
0,42.97
0,22.23
0,22.32
0,20.48
0,21.6
0,22.23
0,23.94
53,29.19
287,32.19
503,30.29
668,30.5
768,30.78
797,27.7
754,27.83
640,27.01
464,25.87
239,25.19
26,29.96
0,35.28
0,32.3
0,28.45
0,26.85
0,25.09
0,21.5
0,14.65
0,26.23
0,23.48
0,22.7
0,19.73
0,19.45
0,28.73
51,34.71
282,17.86
499,14.64
663,14.72
764,14.82
793,14.79
750,14.77
637,14.88
461,16.03
236,20.63
25,25.41
0,41.64
0,41.17
0,32.05
0,25.21
0,37.22
0,14.77
0,33.58
0,29.55
0,28.63
0,27.82
0,27.53
0,28.53
0,31.99
48,39.41
278,47.19
494,40.14
659,38.38
760,38.21
790,36.07
747,32.56
634,31.35
459,30.38
234,29.99
24,32.95
0,38.31
0,42.01
0,38.17
0,32.12
0,31.63
0,29.87
0,27.02
0,15.32
0,13.69
0,13.71
0,14.04
0,15.19
0,19.59
46,26.99
273,15.09
490,20.87
655,21.05
756,15.93
786,21.05
743,20.99
631,24.34
456,24.83
232,24.51
23,28.8
0,34.23
0,39.3
0,36.35
0,33.48
0,29.43
0,25.65
0,23.12
0,13.28
0,11.63
0,11.98
0,12.06
0,12.3
0,14.85
43,19.54
269,19.98
485,20.8
650,19.47
752,18.14
782,16.64
740,15.02
628,15.77
454,16.08
230,14.94
23,18.24
0,22.87
0,25.21
0,24.97
0,23.85
0,22.25
0,18.9
0,18.59
0,9.84
0,8.42
0,8.4
0,8.46
0,9.26
0,7.57
41,10.58
264,11.27
481,10.21
646,10.66
748,10.91
779,11.01
737,12.16
625,14.74
452,14.81
229,14.78
22,14.81
0,14.88
0,24.61
0,25.76
0,21.18
0,17.46
0,18.12
0,18.19
0,10.04
0,8.63
0,8.63
0,9.96
0,9.98
0,10.03
38,24.05
260,27
477,26.44
642,26.71
744,24.84
775,23.04
734,22.99
623,22.27
450,21.68
227,21.7
22,23.48
0,28.67
0,32.15
0,29.09
0,26.41
0,23.47
0,20.25
0,16.94
0,13.42
0,12.31
0,12.36
0,12.89
0,14.29
0,18.78
36,22.39
256,25.62
473,24.3
638,24.65
740,23.76
772,21.43
731,20.17
620,19.36
448,18.96
225,18.75
21,22.31
0,27.28
0,29.45
0,25.14
0,21.51
0,20.59
0,15.35
0,12.82
0,8.59
0,8.59
0,8.05
0,7.59
0,8.57
0,10.08
34,15.23
252,14.93
469,14.75
634,14.62
737,14.73
769,14.39
728,13.99
618,13.91
446,13.67
224,13.49
21,13.79
0,14.78
0,35.96
0,21.04
0,17.69
0,15.25
0,15.24
0,15.39
0,25.02
0,23.02
0,22.23
0,22.57
0,23.03
0,25.57
32,24.72
248,27.41
465,29.51
631,30.36
733,29.45
766,28.4
726,24.27
616,22.17
444,20.87
223,20.75
20,20.9
0,21.96
0,25.47
0,32.29
0,31.44
0,27.69
0,23.02
0,22.13
0,15.07
0,13.17
0,12.87
0,12.88
0,12.88
0,16.79
30,22.37
244,22.42
461,28.06
627,26.55
730,27.24
763,25.83
723,23.45
614,21.89
443,21.33
222,20.72
20,21.54
0,22.32
0,23.13
0,26.78
0,27.02
0,23.55
0,20.97
0,17.42
0,26.83
0,26.26
0,23.04
0,23.67
0,26.44
0,31.63
28,36
240,42.21
457,43.28
623,42.97
727,41.11
760,36.96
721,34.54
612,33.86
442,29.48
221,27.31
20,28.94
0,32.8
0,30.78
0,42.13
0,40.88
0,30.61
0,25.33
0,24.24
0,37.47
0,36.52
0,33.73
0,33.67
0,33.97
0,41.75
27,49.71
236,58.07
453,59.48
620,57.36
724,52.38
757,50.11
719,44.31
611,43.18
441,41.64
221,40.77
20,41.49
0,44.74
0,48.8
0,56.47
0,62.18
0,49.26
0,42.39
0,39.3
0,37.68
0,36.11
0,34.52
0,34.4
0,35.03
0,40.67
25,53.47
232,58.13
450,58.39
616,58.12
721,55.16
755,52.92
717,51.15
609,49.88
440,47.84
220,45.98
20,44.96
0,46.26
0,46.93
0,57.62
0,59.05
0,47.86
0,40.19
0,37.47
0,11.47
0,10.73
0,10.85
0,10.86
0,10.86
0,11.69
23,12.95
228,11.79
446,16.19
613,17.45
718,16.92
752,16.73
715,16.82
608,16.75
439,16.74
220,16.66
20,16.92
0,20.39
0,19.71
0,21.52
0,22.69
0,19.97
0,16.49
0,16.95
0,16.55
0,16.04
0,14.16
0,13.98
0,13.99
0,13.27
22,14.03
225,15.76
443,16.79
610,18.01
715,19.64
750,20.93
713,18.78
607,18.03
438,17.82
219,17.85
20,19.24
0,23.71
0,24.27
0,27.01
0,30.03
0,24.22
0,18.13
0,16.21
0,21.58
0,18.99
0,17.05
0,15.9
0,16.26
0,17.15
21,18.79
221,16.8
439,18.28
607,21.23
712,21.22
748,18.25
712,18.61
606,18.2
437,18.78
219,19.24
20,20.53
0,21.15
0,21.98
0,22.49
0,22.55
0,18.59
0,15.52
0,16.3
0,4.56
0,6.21
0,7.39
0,10.59
0,7.91
0,0
19,2.4
218,2.4
436,2.43
604,3.66
710,2.83
746,3.06
710,3.65
605,3.4
437,2.96
219,0
20,3
0,0
0,9.11
0,7.63
0,11.43
0,14.72
0,17.15
0,23.78
0,16.62
0,16.25
0,0
0,1.99
0,2.02
0,0
18,0
214,0
433,2.91
601,3.81
707,4.54
744,5
709,5.53
604,6.09
437,7.6
220,7.16
20,8.78
0,8.55
0,36.36
0,32.94
0,32.25
0,29.09
0,22.07
0,16.34
0,0.93
0,1.17
0,1.27
0,1.24
0,1.09
0,0.94
17,0.52
211,0.67
430,1.65
598,2.76
705,2.76
743,4.46
708,4.4
604,4.84
437,4.69
220,4.45
20,5.09
0,5.46
0,5.19
0,4.54
0,2.77
0,2.74
0,1.7
0,0.88
0,3.78
0,3.78
0,3.92
0,6.56
0,7.6
0,3.78
16,9.88
208,3.78
427,3.78
596,9.17
703,9.06
741,12.05
707,9.69
603,3.78
437,3.78
220,3.78
21,3.78
0,5.94
0,26.51
0,24.61
0,23.12
0,22.56
0,18.7
0,15
0,2.91
0,3.2
0,2.47
0,2.47
0,2.47
0,1.63
15,0.97
205,1.16
424,1.8
593,2.41
701,2.47
740,2.47
706,2.47
603,2.47
437,2.79
221,3.11
21,8.62
0,9.42
0,34.6
0,31.64
0,31.74
0,29.13
0,24.76
0,23.17
0,17.12
0,15.43
0,13.98
0,14.05
0,14.22
0,14.31
14,14.72
202,15.7
421,20.66
591,22.17
699,22.77
738,23.72
705,24.53
603,24.43
437,25.56
222,25.96
21,27.85
0,27.81
0,26.78
0,25.37
0,26.53
0,25.44
0,22.3
0,20.26
0,15.48
0,13.76
0,12.73
0,12.75
0,12.74
0,12.24
13,16.41
199,20.32
419,24.08
589,26.23
698,29.11
737,32.11
705,35.3
603,34.02
438,31.49
223,30.15
22,34.03
0,34.05
0,32.49
0,28.97
0,28.45
0,26.58
0,17.94
0,17.12
0,25.63
0,23.92
0,21.67
0,20.22
0,19.39
0,19.76
12,20.41
196,21.2
416,23.85
587,26.71
696,31.04
736,32.81
704,34.81
603,39.26
439,40.84
224,43.07
22,45.86
0,46.27
0,43.58
0,37.97
0,36.94
0,34.15
0,29.56
0,27.01
0,25.18
0,22.39
0,20.35
0,20.12
0,19.7
0,20.85
11,23.49
194,24.23
414,27.72
585,29.43
695,32.08
735,34.07
704,36.31
603,39.05
440,40.56
225,41.8
23,38.34
0,43.18
0,39.48
0,35.76
0,32.88
0,30.27
0,26.19
0,24.78
0,22.67
0,21.63
0,20.34
0,18.91
0,19.21
0,20.03
10,23.37
191,25.74
412,28.46
583,30.06
693,33.34
735,36.16
704,37.71
604,41.56
440,43.61
226,45.93
23,47.75
0,48.05
0,41.04
0,37.85
0,36.87
0,33.86
0,29.53
0,25.94
0,25.68
0,23.16
0,21.98
0,21.37
0,21.37
0,21.86
10,26.28
189,27.98
409,29.89
582,32.32
692,34.46
734,37.78
704,39.88
604,42.55
442,46.01
228,44.49
24,44.99
0,49.3
0,42.52
0,40.33
0,35.65
0,36.02
0,27.55
0,27.9
0,20.88
0,19.12
0,18.59
0,18.29
0,18.57
0,19.76
9,21.69
187,23.14
407,24.94
580,26.36
691,26.92
734,29.06
704,31.27
605,33.04
443,35.93
229,36.77
25,37.91
0,35.96
0,33.9
0,31.68
0,32.17
0,27.53
0,25.53
0,24.09
0,24.58
0,22.82
0,21.62
0,21.16
0,21.45
0,22.65
8,25.24
184,25.26
406,27.81
579,30.3
691,32.28
734,33.49
705,35.8
606,36.8
444,37.89
231,39.14
26,40.22
0,38.87
0,35.05
0,33.9
0,32.58
0,29
0,25.11
0,26.03
0,25.3
0,22.06
0,19.65
0,19
0,18.59
0,18.74
8,20.78
182,21
404,24.21
577,25.59
690,28.48
734,31.64
705,32.75
607,35.71
446,38.09
233,39.24
27,42.06
0,43.38
0,40.68
0,38.43
0,37.55
0,30.12
0,23.65
0,22.48
0,22.36
0,22.02
0,22.44
0,21.72
0,22.05
0,23.94
7,27.7
180,30.72
402,31.84
576,33.81
689,34.6
734,35.94
706,37.16
608,38.31
448,40.25
235,40.3
28,41.64
0,40.65
0,37.05
0,36.52
0,35.22
0,32.79
0,24.94
0,22.95
0,19.29
0,17.61
0,17.02
0,16.16
0,16.21
0,17.62
7,20.96
179,21.71
401,22.79
575,21.64
689,21.76
734,23.31
707,21.81
610,22.01
449,22.05
237,22.11
29,22.13
0,22.26
0,22.05
0,22.73
0,21.91
0,21.16
0,20.13
0,20.35
0,19.25
0,16.37
0,15.17
0,15.11
0,15.31
0,17.53
6,20.69
177,21.06
400,21.93
575,21.69
689,22.02
734,22.08
708,21.9
611,21.95
451,21.93
240,21.98
30,21.76
0,21.59
0,21.6
0,21.81
0,21.61
0,19.38
0,19.57
0,19.21
0,19.89
0,16.85
0,16.82
0,16.77
0,19.72
0,19.83
6,21.89
175,20.66
398,21.8
574,21.75
689,21.8
735,21.8
709,21.9
613,21.84
453,21.97
242,22.2
31,34.8
0,39.49
0,37.86
0,38.27
0,21.74
0,20.8
0,20.82
0,19.63
0,25.99
0,25.32
0,23.9
0,24.43
0,23.52
0,24.98
6,25.03
174,12.56
397,13.82
573,20.6
689,15.19
735,15.17
710,13.82
615,13.19
456,6.12
245,5.36
32,4.47
0,22.73
0,23.37
0,23.3
0,22.87
0,22.77
0,22.63
0,22.51
0,26.8
0,26.17
0,24.21
0,23.37
0,23.56
0,24.7
5,28.05
173,28.72
396,26.98
573,27.59
689,27.05
736,27.07
712,25.67
617,24.04
458,23.2
247,23.7
34,27.15
0,37.71
0,40.23
0,35.99
0,28.69
0,23.32
0,24.14
0,22.44
0,23.92
0,22.62
0,23.4
0,22.52
0,22.64
0,30.07
5,39.16
171,40.15
396,41.16
573,41.71
689,41.77
737,40.79
713,38.84
619,38.07
461,33.8
250,32.89
35,40.1
0,38.78
0,35.06
0,31.88
0,30.73
0,24.03
0,23.74
0,22.19
0,22.17
0,22.21
0,19.64
0,19.64
0,19.66
0,23.78
5,39.21
170,39.93
395,33.39
573,30.88
690,31.48
738,30.48
715,28.4
621,31.4
463,30.53
253,30.54
37,43.01
0,61.59
0,56.35
0,47.72
0,42.07
0,34.57
0,31.66
0,30.72
0,24.25
0,25.49
0,25.64
0,24.99
0,24.16
0,30.34
5,46.44
170,54.94
395,56.66
573,55.32
691,51.85
740,49.75
717,47.74
623,40.48
466,36.63
256,37.63
38,64.62
0,68.36
0,52.51
0,36.48
0,34.29
0,27.78
0,24.63
0,19.73
0,23.3
0,22.54
0,24.35
0,22.63
0,24.3
0,35.6
5,42
169,44.73
394,46.9
573,49.98
692,50
741,46.59
719,44.66
626,43.07
469,41.84
259,42.02
40,57.26
0,67.86
0,60.17
0,50.21
0,45.61
0,41.66
0,36.2
0,34.54
